TRIP ID,Shipment ID,Latitude,Longitude,TIME SLOT,Shipments,MST_DIST,TRIP_TIME,Vehical_Type,CAPACITY_UTI,TIME_UTI,COV_UTI
1,1054,19.0802676,72.850804,7,5,3.67,0.54,3W,1,0.216,0.244666667
1,892,19.1121104,72.8983546,7,5,3.67,0.54,3W,1,0.216,0.244666667
1,478,19.0581451,72.8343773,7,5,3.67,0.54,3W,1,0.216,0.244666667
1,1007,19.176505,72.962189,7,5,3.67,0.54,3W,1,0.216,0.244666667
1,384,19.1489669,72.9316651,7,5,3.67,0.54,3W,1,0.216,0.244666667
2,187,19.0719625,72.8347505,7,5,8.14,0.69,3W,1,0.276,0.542666667
2,476,19.119317,72.8626863,7,5,8.14,0.69,3W,1,0.276,0.542666667
2,656,19.032864,72.8384975,7,5,8.14,0.69,3W,1,0.276,0.542666667
2,660,19.0563572,72.8480885,7,5,8.14,0.69,3W,1,0.276,0.542666667
2,58,19.1580355,72.93586,7,5,8.14,0.69,3W,1,0.276,0.542666667
3,358,19.0729225,72.8271533,7,5,8.93,0.71,3W,1,0.284,0.595333333
3,596,18.9340553,72.8251844,7,5,8.93,0.71,3W,1,0.284,0.595333333
3,1026,19.1266465,72.8623675,7,5,8.93,0.71,3W,1,0.284,0.595333333
3,198,18.9168702,72.8179261,7,5,8.93,0.71,3W,1,0.284,0.595333333
3,886,19.0061164,72.8288361,7,5,8.93,0.71,3W,1,0.284,0.595333333
4,942,19.1157872,72.9065853,7,5,14.39,0.9,3W,1,0.36,0.959333333
4,374,19.117864,72.8678007,7,5,14.39,0.9,3W,1,0.36,0.959333333
4,1006,18.9615119,72.8012392,7,5,14.39,0.9,3W,1,0.36,0.959333333
4,533,19.1055237,72.8977257,7,5,14.39,0.9,3W,1,0.36,0.959333333
4,498,19.0538215,72.823774,7,5,14.39,0.9,3W,1,0.36,0.959333333
5,885,19.0158953,72.8374448,7,5,9.88,0.75,3W,1,0.3,0.658666667
5,1123,19.0070794,72.8251896,7,5,9.88,0.75,3W,1,0.3,0.658666667
5,1263,19.1334302,72.9132679,7,5,9.88,0.75,3W,1,0.3,0.658666667
5,1166,19.1355088,72.9083972,7,5,9.88,0.75,3W,1,0.3,0.658666667
5,295,19.0135319,72.832831,7,5,9.88,0.75,3W,1,0.3,0.658666667
6,574,18.9954236,72.8218266,7,5,10.87,0.78,3W,1,0.312,0.724666667
6,1184,18.9670056,72.8479262,7,5,10.87,0.78,3W,1,0.312,0.724666667
6,1093,18.9627487,72.8015339,7,5,10.87,0.78,3W,1,0.312,0.724666667
6,1005,19.1217271,72.9391179,7,5,10.87,0.78,3W,1,0.312,0.724666667
6,779,19.0796575,72.8460627,7,5,10.87,0.78,3W,1,0.312,0.724666667
7,1255,19.1451058,72.9350113,7,5,14.05,0.88,3W,1,0.352,0.936666667
7,1152,18.9525781,72.8274072,7,5,14.05,0.88,3W,1,0.352,0.936666667
7,758,19.1169937,72.891654,7,5,14.05,0.88,3W,1,0.352,0.936666667
7,846,19.144887,72.936119,7,5,14.05,0.88,3W,1,0.352,0.936666667
7,455,19.1584893,72.9473908,7,5,14.05,0.88,3W,1,0.352,0.936666667
8,31,19.1148142,72.9021181,7,4,9.88,0.66,3W,0.8,0.264,0.658666667
8,645,19.05558592,72.83201423,7,4,9.88,0.66,3W,0.8,0.264,0.658666667
8,1205,19.0078015,72.8339686,7,4,9.88,0.66,3W,0.8,0.264,0.658666667
8,1168,19.0541566,72.8284091,7,4,9.88,0.66,3W,0.8,0.264,0.658666667
9,855,18.9708511,72.835739,7,4,12.23,0.74,3W,0.8,0.296,0.815333333
9,869,19.0587,72.8291,7,4,12.23,0.74,3W,0.8,0.296,0.815333333
9,931,19.1163776,72.8479064,7,4,12.23,0.74,3W,0.8,0.296,0.815333333
9,1040,18.9839617,72.8367054,7,4,12.23,0.74,3W,0.8,0.296,0.815333333
10,640,19.133649,72.897329,7,3,11.47,0.63,3W,0.6,0.252,0.764666667
10,954,19.1176258,72.9327686,7,3,11.47,0.63,3W,0.6,0.252,0.764666667
10,898,19.1202729,72.9379362,7,3,11.47,0.63,3W,0.6,0.252,0.764666667
11,61,19.1280021,72.8682474,7,5,8.82,0.71,3W,1,0.284,0.588
11,671,19.11011,72.8496466,7,5,8.82,0.71,3W,1,0.284,0.588
11,19,19.1699328,72.9361866,7,5,8.82,0.71,3W,1,0.284,0.588
11,461,19.123245,72.855779,7,5,8.82,0.71,3W,1,0.284,0.588
11,708,18.9571006,72.8076248,7,5,8.82,0.71,3W,1,0.284,0.588
12,811,19.0683937,72.8338003,7,5,13.18,0.86,3W,1,0.344,0.878666667
12,757,19.1162675,72.9026601,7,5,13.18,0.86,3W,1,0.344,0.878666667
12,535,19.0790368,72.8943565,7,5,13.18,0.86,3W,1,0.344,0.878666667
12,390,18.9507986,72.8379268,7,5,13.18,0.86,3W,1,0.344,0.878666667
12,633,18.9661321,72.8388506,7,5,13.18,0.86,3W,1,0.344,0.878666667
13,678,19.1086151,72.8896424,7,5,13.78,0.88,3W,1,0.352,0.918666667
13,887,19.067972,72.8236505,7,5,13.78,0.88,3W,1,0.352,0.918666667
13,1142,19.1213278,72.8977435,7,5,13.78,0.88,3W,1,0.352,0.918666667
13,1059,19.0984543,72.8451715,7,5,13.78,0.88,3W,1,0.352,0.918666667
13,236,19.1166397,72.9036407,7,5,13.78,0.88,3W,1,0.352,0.918666667
14,1110,19.1718719,72.9620689,7,4,10.17,0.67,3W,0.8,0.268,0.678
14,1222,19.1279466,72.9294411,7,4,10.17,0.67,3W,0.8,0.268,0.678
14,564,19.1296061,72.9337365,7,4,10.17,0.67,3W,0.8,0.268,0.678
14,1129,19.1142532,72.8505088,7,4,10.17,0.67,3W,0.8,0.268,0.678
15,145,19.1793329,72.9410737,7,5,12.71,0.84,3W,1,0.336,0.847333333
15,1032,19.1727004,72.9599617,7,5,12.71,0.84,3W,1,0.336,0.847333333
15,1072,19.1772234,72.9658659,7,5,12.71,0.84,3W,1,0.336,0.847333333
15,967,19.14574,72.933206,7,5,12.71,0.84,3W,1,0.336,0.847333333
15,992,19.1793711,72.9416254,7,5,12.71,0.84,3W,1,0.336,0.847333333
16,597,19.1287657,72.8581309,7,4,13.38,0.78,3W,0.8,0.312,0.892
16,1063,19.002052,72.8128226,7,4,13.38,0.78,3W,0.8,0.312,0.892
16,637,18.9527479,72.8025218,7,4,13.38,0.78,3W,0.8,0.312,0.892
16,1179,18.948274,72.7948228,7,4,13.38,0.78,3W,0.8,0.312,0.892
17,1233,19.1827834,72.9489826,7,4,11.14,0.7,3W,0.8,0.28,0.742666667
17,303,19.0246935,72.8356583,7,4,11.14,0.7,3W,0.8,0.28,0.742666667
17,116,18.9936241,72.8312227,7,4,11.14,0.7,3W,0.8,0.28,0.742666667
17,599,19.1353612,72.9175356,7,4,11.14,0.7,3W,0.8,0.28,0.742666667
18,380,18.953859,72.8213132,7,5,14.5,0.9,3W,1,0.36,0.966666667
18,1151,19.0642209,72.829602,7,5,14.5,0.9,3W,1,0.36,0.966666667
18,883,19.1263343,72.8590928,7,5,14.5,0.9,3W,1,0.36,0.966666667
18,520,19.16496,72.966523,7,5,14.5,0.9,3W,1,0.36,0.966666667
18,1185,19.0317118,72.8387162,7,5,14.5,0.9,3W,1,0.36,0.966666667
19,1170,18.9882143,72.836759,7,4,12.38,0.75,3W,0.8,0.3,0.825333333
19,592,19.1080173,72.9285956,7,4,12.38,0.75,3W,0.8,0.3,0.825333333
19,983,19.1644244,72.9397357,7,4,12.38,0.75,3W,0.8,0.3,0.825333333
19,213,18.9550163,72.8159822,7,4,12.38,0.75,3W,0.8,0.3,0.825333333
20,957,19.0597613,72.829669,7,4,14.06,0.8,3W,0.8,0.32,0.937333333
20,242,19.0173805,72.8280213,7,4,14.06,0.8,3W,0.8,0.32,0.937333333
20,526,19.1676553,72.9431362,7,4,14.06,0.8,3W,0.8,0.32,0.937333333
20,1187,19.1132724,72.9336999,7,4,14.06,0.8,3W,0.8,0.32,0.937333333
21,932,19.095972,72.9190974,7,3,11.82,0.64,3W,0.6,0.256,0.788
21,546,18.9545952,72.8332679,7,3,11.82,0.64,3W,0.6,0.256,0.788
21,837,18.9395284,72.8244265,7,3,11.82,0.64,3W,0.6,0.256,0.788
22,185,19.0433284,72.844511,7,4,13.27,0.78,3W,0.8,0.312,0.884666667
22,430,19.168123,72.930923,7,4,13.27,0.78,3W,0.8,0.312,0.884666667
22,565,19.1110884,72.8476246,7,4,13.27,0.78,3W,0.8,0.312,0.884666667
22,689,18.9229368,72.8304999,7,4,13.27,0.78,3W,0.8,0.312,0.884666667
23,52,19.0632799,72.8510402,7,3,10.88,0.61,3W,0.6,0.244,0.725333333
23,529,19.0966611,72.9239095,7,3,10.88,0.61,3W,0.6,0.244,0.725333333
23,580,19.0580702,72.825353,7,3,10.88,0.61,3W,0.6,0.244,0.725333333
24,260,19.1633396,72.9486403,7,5,11.03,0.78,3W,1,0.312,0.735333333
24,802,19.1156661,72.9016387,7,5,11.03,0.78,3W,1,0.312,0.735333333
24,982,19.1667612,72.9373826,7,5,11.03,0.78,3W,1,0.312,0.735333333
24,896,19.1666325,72.9610995,7,5,11.03,0.78,3W,1,0.312,0.735333333
24,563,19.1227164,72.9413159,7,5,11.03,0.78,3W,1,0.312,0.735333333
25,320,19.1568876,72.9406174,7,5,11.98,0.82,3W,1,0.328,0.798666667
25,881,19.016758,72.8245412,7,5,11.98,0.82,3W,1,0.328,0.798666667
25,221,19.1171265,72.9269493,7,5,11.98,0.82,3W,1,0.328,0.798666667
25,3,19.1366448,72.9320748,7,5,11.98,0.82,3W,1,0.328,0.798666667
25,1014,19.1112306,72.9016474,7,5,11.98,0.82,3W,1,0.328,0.798666667
26,1228,19.112069,72.934898,7,4,13.49,0.78,3W,0.8,0.312,0.899333333
26,1062,18.977982,72.831399,7,4,13.49,0.78,3W,0.8,0.312,0.899333333
26,1025,19.1087655,72.8897596,7,4,13.49,0.78,3W,0.8,0.312,0.899333333
26,481,19.1475358,72.9394553,7,4,13.49,0.78,3W,0.8,0.312,0.899333333
27,7,19.0169774,72.8181606,7,3,14.73,0.74,3W,0.6,0.296,0.982
27,364,19.0494252,72.8269687,7,3,14.73,0.74,3W,0.6,0.296,0.982
27,275,18.9166879,72.8185105,7,3,14.73,0.74,3W,0.6,0.296,0.982
28,1113,19.1024822,72.8521154,7,4,11.75,0.72,3W,0.8,0.288,0.783333333
28,759,19.1059471,72.8992222,7,4,11.75,0.72,3W,0.8,0.288,0.783333333
28,85,19.1125466,72.8986641,7,4,11.75,0.72,3W,0.8,0.288,0.783333333
28,969,18.9529229,72.8017963,7,4,11.75,0.72,3W,0.8,0.288,0.783333333
29,296,18.9655756,72.8054145,7,3,11.68,0.64,3W,0.6,0.256,0.778666667
29,1058,19.1844614,72.9480652,7,3,11.68,0.64,3W,0.6,0.256,0.778666667
29,345,19.1707705,72.9314765,7,3,11.68,0.64,3W,0.6,0.256,0.778666667
30,151,18.9638853,72.8130975,7,3,13.44,0.7,3W,0.6,0.28,0.896
30,991,18.9690339,72.8121276,7,3,13.44,0.7,3W,0.6,0.28,0.896
30,1155,19.1654169,72.9350986,7,3,13.44,0.7,3W,0.6,0.28,0.896
31,105,19.0180039,72.8374638,7,7,19.93,1.25,4W-EV,0.875,0.5,0.9965
31,1090,18.9537588,72.822857,7,7,19.93,1.25,4W-EV,0.875,0.5,0.9965
31,329,18.9428694,72.8284227,7,7,19.93,1.25,4W-EV,0.875,0.5,0.9965
31,977,19.0577293,72.8306389,7,7,19.93,1.25,4W-EV,0.875,0.5,0.9965
31,294,19.1187518,72.9374227,7,7,19.93,1.25,4W-EV,0.875,0.5,0.9965
31,1130,19.0590047,72.8258278,7,7,19.93,1.25,4W-EV,0.875,0.5,0.9965
31,54,19.0791633,72.8502606,7,7,19.93,1.25,4W-EV,0.875,0.5,0.9965
32,279,18.9968193,72.8289074,7,7,16.17,1.12,4W-EV,0.875,0.448,0.8085
32,43,19.1729479,72.9422984,7,7,16.17,1.12,4W-EV,0.875,0.448,0.8085
32,623,19.118899,72.908275,7,7,16.17,1.12,4W-EV,0.875,0.448,0.8085
32,322,18.989525,72.813483,7,7,16.17,1.12,4W-EV,0.875,0.448,0.8085
32,403,19.071048,72.8389154,7,7,16.17,1.12,4W-EV,0.875,0.448,0.8085
32,579,19.1634261,72.9404161,7,7,16.17,1.12,4W-EV,0.875,0.448,0.8085
32,1188,18.9503045,72.8268103,7,7,16.17,1.12,4W-EV,0.875,0.448,0.8085
33,44,19.0635102,72.8587684,7,6,19.2,1.14,4W-EV,0.75,0.456,0.96
33,824,19.0480705,72.8217063,7,6,19.2,1.14,4W-EV,0.75,0.456,0.96
33,693,18.9709449,72.8175625,7,6,19.2,1.14,4W-EV,0.75,0.456,0.96
33,534,19.114211,72.847538,7,6,19.2,1.14,4W-EV,0.75,0.456,0.96
33,139,19.1627653,72.9433114,7,6,19.2,1.14,4W-EV,0.75,0.456,0.96
33,168,18.9681028,72.819329,7,6,19.2,1.14,4W-EV,0.75,0.456,0.96
34,647,18.9527866,72.8231027,7,7,17.16,1.16,4W-EV,0.875,0.464,0.858
34,1204,19.179552,72.9384207,7,7,17.16,1.16,4W-EV,0.875,0.464,0.858
34,707,19.1060492,72.8972705,7,7,17.16,1.16,4W-EV,0.875,0.464,0.858
34,527,19.0780334,72.8591722,7,7,17.16,1.16,4W-EV,0.875,0.464,0.858
34,1247,19.1374256,72.8679812,7,7,17.16,1.16,4W-EV,0.875,0.464,0.858
34,162,18.9800925,72.830641,7,7,17.16,1.16,4W-EV,0.875,0.464,0.858
34,973,19.1237078,72.9087982,7,7,17.16,1.16,4W-EV,0.875,0.464,0.858
35,50,19.0585139,72.8246053,7,6,19.84,1.16,4W-EV,0.75,0.464,0.992
35,1045,19.0880572,72.9033764,7,6,19.84,1.16,4W-EV,0.75,0.464,0.992
35,628,19.1799645,72.941376,7,6,19.84,1.16,4W-EV,0.75,0.464,0.992
35,86,18.9756477,72.8304768,7,6,19.84,1.16,4W-EV,0.75,0.464,0.992
35,282,19.1636769,72.9550774,7,6,19.84,1.16,4W-EV,0.75,0.464,0.992
35,1003,19.1348219,72.9246478,7,6,19.84,1.16,4W-EV,0.75,0.464,0.992
36,704,19.052097,72.8284615,7,6,16.09,1.04,4W-EV,0.75,0.416,0.8045
36,962,18.96618,72.807147,7,6,16.09,1.04,4W-EV,0.75,0.416,0.8045
36,545,19.10032,72.892764,7,6,16.09,1.04,4W-EV,0.75,0.416,0.8045
36,90,19.1718719,72.9620689,7,6,16.09,1.04,4W-EV,0.75,0.416,0.8045
36,1221,19.0360849,72.8476343,7,6,16.09,1.04,4W-EV,0.75,0.416,0.8045
36,160,19.1499926,72.9484543,7,6,16.09,1.04,4W-EV,0.75,0.416,0.8045
37,471,18.9586822,72.81598,7,8,16.18,1.21,4W-EV,1,0.484,0.809
37,521,19.1658511,72.943561,7,8,16.18,1.21,4W-EV,1,0.484,0.809
37,865,19.1176258,72.9327686,7,8,16.18,1.21,4W-EV,1,0.484,0.809
37,8,18.9586822,72.81598,7,8,16.18,1.21,4W-EV,1,0.484,0.809
37,88,19.1652721,72.9575737,7,8,16.18,1.21,4W-EV,1,0.484,0.809
37,194,19.1296796,72.938836,7,8,16.18,1.21,4W-EV,1,0.484,0.809
37,1230,19.1205346,72.8953297,7,8,16.18,1.21,4W-EV,1,0.484,0.809
37,1051,19.1680152,72.9477286,7,8,16.18,1.21,4W-EV,1,0.484,0.809
38,149,19.1155493,72.937586,7,8,18.41,1.28,4W-EV,1,0.512,0.9205
38,843,19.0031932,72.8192367,7,8,18.41,1.28,4W-EV,1,0.512,0.9205
38,226,19.096712,72.917498,7,8,18.41,1.28,4W-EV,1,0.512,0.9205
38,440,18.958093,72.8151644,7,8,18.41,1.28,4W-EV,1,0.512,0.9205
38,434,19.0762394,72.8620597,7,8,18.41,1.28,4W-EV,1,0.512,0.9205
38,1201,18.9568655,72.8229296,7,8,18.41,1.28,4W-EV,1,0.512,0.9205
38,793,19.1604057,72.9445323,7,8,18.41,1.28,4W-EV,1,0.512,0.9205
38,241,19.1570375,72.9377903,7,8,18.41,1.28,4W-EV,1,0.512,0.9205
39,158,18.9662452,72.8409305,7,4,18.95,0.96,4W-EV,0.5,0.384,0.9475
39,615,19.0391696,72.8424363,7,4,18.95,0.96,4W-EV,0.5,0.384,0.9475
39,302,19.1817977,72.9480867,7,4,18.95,0.96,4W-EV,0.5,0.384,0.9475
39,960,19.0290618,72.8391144,7,4,18.95,0.96,4W-EV,0.5,0.384,0.9475
40,227,18.9955074,72.8313497,7,8,19.61,1.32,4W-EV,1,0.528,0.9805
40,1066,18.9970685,72.8273502,7,8,19.61,1.32,4W-EV,1,0.528,0.9805
40,1169,19.0180505,72.8524941,7,8,19.61,1.32,4W-EV,1,0.528,0.9805
40,197,19.0789256,72.8579938,7,8,19.61,1.32,4W-EV,1,0.528,0.9805
40,634,19.126152,72.921528,7,8,19.61,1.32,4W-EV,1,0.528,0.9805
40,965,19.0111029,72.8465407,7,8,19.61,1.32,4W-EV,1,0.528,0.9805
40,970,19.0043331,72.8236682,7,8,19.61,1.32,4W-EV,1,0.528,0.9805
40,662,19.169336,72.9454199,7,8,19.61,1.32,4W-EV,1,0.528,0.9805
41,922,19.1117627,72.8607176,7,8,18.5,1.28,4W-EV,1,0.512,0.925
41,670,18.9774653,72.8249783,7,8,18.5,1.28,4W-EV,1,0.512,0.925
41,96,19.0070388,72.8400779,7,8,18.5,1.28,4W-EV,1,0.512,0.925
41,1000,19.1195894,72.9320419,7,8,18.5,1.28,4W-EV,1,0.512,0.925
41,284,18.9569807,72.8205984,7,8,18.5,1.28,4W-EV,1,0.512,0.925
41,24,19.1209514,72.9292388,7,8,18.5,1.28,4W-EV,1,0.512,0.925
41,688,19.0801659,72.8504035,7,8,18.5,1.28,4W-EV,1,0.512,0.925
41,25,19.1584893,72.9473908,7,8,18.5,1.28,4W-EV,1,0.512,0.925
42,271,19.1762795,72.9426601,7,8,18.87,1.3,4W-EV,1,0.52,0.9435
42,288,19.1020767,72.9128351,7,8,18.87,1.3,4W-EV,1,0.52,0.9435
42,1075,19.1707705,72.9314765,7,8,18.87,1.3,4W-EV,1,0.52,0.9435
42,134,19.1684567,72.9376994,7,8,18.87,1.3,4W-EV,1,0.52,0.9435
42,1227,18.9641182,72.8043259,7,8,18.87,1.3,4W-EV,1,0.52,0.9435
42,961,19.1634261,72.9404161,7,8,18.87,1.3,4W-EV,1,0.52,0.9435
42,253,19.1688274,72.9671406,7,8,18.87,1.3,4W-EV,1,0.52,0.9435
42,1083,19.1005387,72.9151206,7,8,18.87,1.3,4W-EV,1,0.52,0.9435
43,47,19.046729,72.8408395,7,8,18.56,1.29,4W-EV,1,0.516,0.928
43,183,18.9351316,72.8267589,7,8,18.56,1.29,4W-EV,1,0.516,0.928
43,1250,18.9679787,72.8081798,7,8,18.56,1.29,4W-EV,1,0.516,0.928
43,49,19.107932,72.9290773,7,8,18.56,1.29,4W-EV,1,0.516,0.928
43,751,19.0445947,72.8225731,7,8,18.56,1.29,4W-EV,1,0.516,0.928
43,111,19.0203229,72.8480631,7,8,18.56,1.29,4W-EV,1,0.516,0.928
43,537,19.1779811,72.9589748,7,8,18.56,1.29,4W-EV,1,0.516,0.928
43,1020,19.0216427,72.8501402,7,8,18.56,1.29,4W-EV,1,0.516,0.928
44,293,18.9926573,72.841859,7,7,19.81,1.24,4W-EV,0.875,0.496,0.9905
44,351,19.1202984,72.8991406,7,7,19.81,1.24,4W-EV,0.875,0.496,0.9905
44,959,19.1807445,72.9467345,7,7,19.81,1.24,4W-EV,0.875,0.496,0.9905
44,490,19.1372313,72.8691211,7,7,19.81,1.24,4W-EV,0.875,0.496,0.9905
44,206,19.0996072,72.8492878,7,7,19.81,1.24,4W-EV,0.875,0.496,0.9905
44,1211,19.1661467,72.9392489,7,7,19.81,1.24,4W-EV,0.875,0.496,0.9905
44,1086,19.0005802,72.825899,7,7,19.81,1.24,4W-EV,0.875,0.496,0.9905
45,840,19.0938163,72.9121661,7,8,18.92,1.3,4W-EV,1,0.52,0.946
45,917,19.149356,72.9368109,7,8,18.92,1.3,4W-EV,1,0.52,0.946
45,359,19.0188693,72.8516181,7,8,18.92,1.3,4W-EV,1,0.52,0.946
45,367,19.108206,72.847664,7,8,18.92,1.3,4W-EV,1,0.52,0.946
45,484,19.0183243,72.8264853,7,8,18.92,1.3,4W-EV,1,0.52,0.946
45,901,19.0090749,72.8165024,7,8,18.92,1.3,4W-EV,1,0.52,0.946
45,871,18.967083,72.816759,7,8,18.92,1.3,4W-EV,1,0.52,0.946
45,180,18.9854394,72.834562,7,8,18.92,1.3,4W-EV,1,0.52,0.946
46,1200,19.0988126,72.9181878,7,6,19.7,1.16,4W-EV,0.75,0.464,0.985
46,373,19.0140901,72.8345965,7,6,19.7,1.16,4W-EV,0.75,0.464,0.985
46,1120,18.9529229,72.8017963,7,6,19.7,1.16,4W-EV,0.75,0.464,0.985
46,562,19.1336618,72.9370135,7,6,19.7,1.16,4W-EV,0.75,0.464,0.985
46,255,19.1060174,72.8999606,7,6,19.7,1.16,4W-EV,0.75,0.464,0.985
46,39,19.1468076,72.9279059,7,6,19.7,1.16,4W-EV,0.75,0.464,0.985
47,115,19.0110391,72.8438714,7,4,18.58,0.95,4W-EV,0.5,0.38,0.929
47,1060,18.9580749,72.8281998,7,4,18.58,0.95,4W-EV,0.5,0.38,0.929
47,475,19.0051407,72.84036,7,4,18.58,0.95,4W-EV,0.5,0.38,0.929
47,760,18.973947,72.8250289,7,4,18.58,0.95,4W-EV,0.5,0.38,0.929
48,1259,19.0101876,72.8243908,7,5,19.88,1.08,4W-EV,0.625,0.432,0.994
48,408,19.1076133,72.8992184,7,5,19.88,1.08,4W-EV,0.625,0.432,0.994
48,1215,19.1076133,72.8992184,7,5,19.88,1.08,4W-EV,0.625,0.432,0.994
48,23,19.0922401,72.9212571,7,5,19.88,1.08,4W-EV,0.625,0.432,0.994
48,301,19.0358534,72.8386008,7,5,19.88,1.08,4W-EV,0.625,0.432,0.994
49,395,19.0975436,72.8487324,7,4,19.93,1,4W-EV,0.5,0.4,0.9965
49,993,19.170457,72.9602813,7,4,19.93,1,4W-EV,0.5,0.4,0.9965
49,916,19.0643686,72.8254915,7,4,19.93,1,4W-EV,0.5,0.4,0.9965
49,1261,19.1077368,72.898207,7,4,19.93,1,4W-EV,0.5,0.4,0.9965
50,639,19.1719928,72.9496323,9.5,5,3.27,0.53,3W,1,0.212,0.218
50,493,18.9897914,72.8126423,9.5,5,3.27,0.53,3W,1,0.212,0.218
50,398,19.0786148,72.865902,9.5,5,3.27,0.53,3W,1,0.212,0.218
50,721,19.0883805,72.9071528,9.5,5,3.27,0.53,3W,1,0.212,0.218
50,680,19.0229917,72.8367532,9.5,5,3.27,0.53,3W,1,0.212,0.218
51,269,19.0577002,72.8504402,9.5,5,6.7,0.64,3W,1,0.256,0.446666667
51,470,18.9553223,72.8166054,9.5,5,6.7,0.64,3W,1,0.256,0.446666667
51,517,18.9800925,72.830641,9.5,5,6.7,0.64,3W,1,0.256,0.446666667
51,914,19.1147031,72.9050153,9.5,5,6.7,0.64,3W,1,0.256,0.446666667
51,882,19.051638,72.8314355,9.5,5,6.7,0.64,3W,1,0.256,0.446666667
52,935,19.1759618,72.9521987,9.5,5,6.64,0.64,3W,1,0.256,0.442666667
52,920,19.0539448,72.8234292,9.5,5,6.64,0.64,3W,1,0.256,0.442666667
52,1245,19.074682,72.826516,9.5,5,6.64,0.64,3W,1,0.256,0.442666667
52,1252,19.0179382,72.8458735,9.5,5,6.64,0.64,3W,1,0.256,0.442666667
52,825,19.1360651,72.9300465,9.5,5,6.64,0.64,3W,1,0.256,0.442666667
53,464,19.1096837,72.921074,9.5,5,9.76,0.74,3W,1,0.296,0.650666667
53,307,19.1161007,72.9394127,9.5,5,9.76,0.74,3W,1,0.296,0.650666667
53,157,19.1334302,72.9132679,9.5,5,9.76,0.74,3W,1,0.296,0.650666667
53,974,18.9894347,72.8333849,9.5,5,9.76,0.74,3W,1,0.296,0.650666667
53,410,19.1112306,72.9016474,9.5,5,9.76,0.74,3W,1,0.296,0.650666667
54,739,18.9487128,72.7976398,9.5,5,10.3,0.76,3W,1,0.304,0.686666667
54,148,19.0203686,72.8370136,9.5,5,10.3,0.76,3W,1,0.304,0.686666667
54,523,18.9993051,72.8467938,9.5,5,10.3,0.76,3W,1,0.304,0.686666667
54,421,18.9588848,72.8113759,9.5,5,10.3,0.76,3W,1,0.304,0.686666667
54,741,19.112754,72.896646,9.5,5,10.3,0.76,3W,1,0.304,0.686666667
55,722,19.1597282,72.9443825,9.5,5,10.89,0.78,3W,1,0.312,0.726
55,999,19.0153155,72.8306435,9.5,5,10.89,0.78,3W,1,0.312,0.726
55,1216,19.1264649,72.86396,9.5,5,10.89,0.78,3W,1,0.312,0.726
55,1133,19.1003106,72.8858839,9.5,5,10.89,0.78,3W,1,0.312,0.726
55,1206,19.1162675,72.9026601,9.5,5,10.89,0.78,3W,1,0.312,0.726
56,308,18.95131594,72.82976179,9.5,5,7.94,0.68,3W,1,0.272,0.529333333
56,1035,19.1291052,72.8588363,9.5,5,7.94,0.68,3W,1,0.272,0.529333333
56,1049,19.1080173,72.9285956,9.5,5,7.94,0.68,3W,1,0.272,0.529333333
56,383,18.9733444,72.8319508,9.5,5,7.94,0.68,3W,1,0.272,0.529333333
56,347,19.0039876,72.8290272,9.5,5,7.94,0.68,3W,1,0.272,0.529333333
57,1190,19.139093,72.8654736,9.5,5,10.31,0.76,3W,1,0.304,0.687333333
57,958,19.1125466,72.8986641,9.5,5,10.31,0.76,3W,1,0.304,0.687333333
57,668,19.0757842,72.8499247,9.5,5,10.31,0.76,3W,1,0.304,0.687333333
57,1,19.1640548,72.9480392,9.5,5,10.31,0.76,3W,1,0.304,0.687333333
57,140,18.9965965,72.8264245,9.5,5,10.31,0.76,3W,1,0.304,0.687333333
58,210,19.0750576,72.8593336,9.5,5,13.43,0.86,3W,1,0.344,0.895333333
58,918,19.083762,72.9015123,9.5,5,13.43,0.86,3W,1,0.344,0.895333333
58,304,19.0261934,72.8508568,9.5,5,13.43,0.86,3W,1,0.344,0.895333333
58,862,18.9921457,72.846563,9.5,5,13.43,0.86,3W,1,0.344,0.895333333
58,468,19.1653092,72.9359359,9.5,5,13.43,0.86,3W,1,0.344,0.895333333
59,163,19.1584893,72.9473908,9.5,5,14.39,0.9,3W,1,0.36,0.959333333
59,171,19.1653092,72.9359359,9.5,5,14.39,0.9,3W,1,0.36,0.959333333
59,913,19.1087484,72.8895701,9.5,5,14.39,0.9,3W,1,0.36,0.959333333
59,586,18.9710787,72.8155851,9.5,5,14.39,0.9,3W,1,0.36,0.959333333
59,104,19.0965656,72.8520986,9.5,5,14.39,0.9,3W,1,0.36,0.959333333
60,400,19.1784492,72.9559267,9.5,5,14.98,0.92,3W,1,0.368,0.998666667
60,272,19.1332624,72.9377274,9.5,5,14.98,0.92,3W,1,0.368,0.998666667
60,335,18.9114636,72.8226738,9.5,5,14.98,0.92,3W,1,0.368,0.998666667
60,1149,19.0462839,72.8426792,9.5,5,14.98,0.92,3W,1,0.368,0.998666667
60,936,19.0353161,72.8433708,9.5,5,14.98,0.92,3W,1,0.368,0.998666667
61,919,19.0367937,72.843676,9.5,4,13.46,0.78,3W,0.8,0.312,0.897333333
61,1111,19.1680214,72.9517994,9.5,4,13.46,0.78,3W,0.8,0.312,0.897333333
61,316,19.1582706,72.9331377,9.5,4,13.46,0.78,3W,0.8,0.312,0.897333333
61,713,19.0173744,72.8473154,9.5,4,13.46,0.78,3W,0.8,0.312,0.897333333
62,980,18.9584446,72.8250652,9.5,4,14.14,0.8,3W,0.8,0.32,0.942666667
62,525,19.1013148,72.9115554,9.5,4,14.14,0.8,3W,0.8,0.32,0.942666667
62,990,18.9727845,72.8151393,9.5,4,14.14,0.8,3W,0.8,0.32,0.942666667
62,683,19.1232246,72.8952997,9.5,4,14.14,0.8,3W,0.8,0.32,0.942666667
63,376,18.9594901,72.8354693,9.5,4,10.72,0.69,3W,0.8,0.276,0.714666667
63,1128,18.9630285,72.8133971,9.5,4,10.72,0.69,3W,0.8,0.276,0.714666667
63,480,19.0605737,72.8504402,9.5,4,10.72,0.69,3W,0.8,0.276,0.714666667
63,890,18.9691489,72.8232527,9.5,4,10.72,0.69,3W,0.8,0.276,0.714666667
64,9,19.0668086,72.8474986,9.5,3,13.93,0.71,3W,0.6,0.284,0.928666667
64,1028,19.1629281,72.9546335,9.5,3,13.93,0.71,3W,0.6,0.284,0.928666667
64,561,19.1166102,72.8895219,9.5,3,13.93,0.71,3W,0.6,0.284,0.928666667
65,612,19.0661186,72.8259531,9.5,5,13.16,0.86,3W,1,0.344,0.877333333
65,156,19.0738649,72.8323232,9.5,5,13.16,0.86,3W,1,0.344,0.877333333
65,119,19.1189401,72.9088225,9.5,5,13.16,0.86,3W,1,0.344,0.877333333
65,314,19.1169937,72.891654,9.5,5,13.16,0.86,3W,1,0.344,0.877333333
65,262,19.1284957,72.8645942,9.5,5,13.16,0.86,3W,1,0.344,0.877333333
66,706,19.1863962,72.9421189,9.5,5,10.26,0.76,3W,1,0.304,0.684
66,1260,18.993028,72.8390504,9.5,5,10.26,0.76,3W,1,0.304,0.684
66,1193,19.1205346,72.8953297,9.5,5,10.26,0.76,3W,1,0.304,0.684
66,710,19.1191038,72.894722,9.5,5,10.26,0.76,3W,1,0.304,0.684
66,1239,19.1004287,72.88607,9.5,5,10.26,0.76,3W,1,0.304,0.684
67,805,19.1154304,72.8875007,9.5,5,13.5,0.87,3W,1,0.348,0.9
67,781,18.9580749,72.8281998,9.5,5,13.5,0.87,3W,1,0.348,0.9
67,125,19.010747,72.8508366,9.5,5,13.5,0.87,3W,1,0.348,0.9
67,822,19.0155276,72.8273126,9.5,5,13.5,0.87,3W,1,0.348,0.9
67,124,19.1296111,72.9333539,9.5,5,13.5,0.87,3W,1,0.348,0.9
68,1231,19.0131024,72.8202112,9.5,4,10.37,0.68,3W,0.8,0.272,0.691333333
68,266,19.1422902,72.9276008,9.5,4,10.37,0.68,3W,0.8,0.272,0.691333333
68,251,19.1659073,72.957117,9.5,4,10.37,0.68,3W,0.8,0.272,0.691333333
68,239,18.9802144,72.8281111,9.5,4,10.37,0.68,3W,0.8,0.272,0.691333333
69,856,18.9596946,72.8181206,9.5,3,12.5,0.67,3W,0.6,0.268,0.833333333
69,676,19.0727182,72.8586848,9.5,3,12.5,0.67,3W,0.6,0.268,0.833333333
69,750,19.1366448,72.9320748,9.5,3,12.5,0.67,3W,0.6,0.268,0.833333333
70,794,18.9932789,72.8377025,9.5,5,9.74,0.74,3W,1,0.296,0.649333333
70,817,19.1078193,72.8486041,9.5,5,9.74,0.74,3W,1,0.296,0.649333333
70,952,18.9903379,72.8423945,9.5,5,9.74,0.74,3W,1,0.296,0.649333333
70,831,19.1338734,72.9364394,9.5,5,9.74,0.74,3W,1,0.296,0.649333333
70,1183,19.1163401,72.9012988,9.5,5,9.74,0.74,3W,1,0.296,0.649333333
71,259,19.1693933,72.9662767,9.5,5,14.14,0.89,3W,1,0.356,0.942666667
71,742,19.1171215,72.9255706,9.5,5,14.14,0.89,3W,1,0.356,0.942666667
71,258,19.1366448,72.9320748,9.5,5,14.14,0.89,3W,1,0.356,0.942666667
71,505,19.1118351,72.9279006,9.5,5,14.14,0.89,3W,1,0.356,0.942666667
71,1116,19.1637145,72.9475455,9.5,5,14.14,0.89,3W,1,0.356,0.942666667
72,503,19.05188,72.823014,9.5,5,13.53,0.87,3W,1,0.348,0.902
72,64,19.0360861,72.8447675,9.5,5,13.53,0.87,3W,1,0.348,0.902
72,777,19.0043331,72.8236682,9.5,5,13.53,0.87,3W,1,0.348,0.902
72,636,19.0031298,72.8487785,9.5,5,13.53,0.87,3W,1,0.348,0.902
72,1210,19.0816651,72.8558135,9.5,5,13.53,0.87,3W,1,0.348,0.902
73,783,18.9581147,72.8361804,9.5,5,14.98,0.92,3W,1,0.368,0.998666667
73,1134,19.0875183,72.9097888,9.5,5,14.98,0.92,3W,1,0.368,0.998666667
73,877,19.1132344,72.9106338,9.5,5,14.98,0.92,3W,1,0.368,0.998666667
73,1207,19.0696436,72.8363022,9.5,5,14.98,0.92,3W,1,0.368,0.998666667
73,203,19.170631,72.942946,9.5,5,14.98,0.92,3W,1,0.368,0.998666667
74,889,18.9796759,72.8149487,9.5,4,11.92,0.73,3W,0.8,0.292,0.794666667
74,1076,19.1004287,72.88607,9.5,4,11.92,0.73,3W,0.8,0.292,0.794666667
74,453,19.075777,72.863439,9.5,4,11.92,0.73,3W,0.8,0.292,0.794666667
74,348,19.0378406,72.8469784,9.5,4,11.92,0.73,3W,0.8,0.292,0.794666667
75,1022,19.1037851,72.9273209,9.5,4,11.51,0.72,3W,0.8,0.288,0.767333333
75,576,19.1784492,72.9559267,9.5,4,11.51,0.72,3W,0.8,0.288,0.767333333
75,686,19.1738841,72.9334075,9.5,4,11.51,0.72,3W,0.8,0.288,0.767333333
75,956,19.145196,72.9332931,9.5,4,11.51,0.72,3W,0.8,0.288,0.767333333
76,657,19.1063852,72.8978535,9.5,3,14.28,0.73,3W,0.6,0.292,0.952
76,291,19.0317118,72.8387162,9.5,3,14.28,0.73,3W,0.6,0.292,0.952
76,842,18.9733476,72.8166567,9.5,3,14.28,0.73,3W,0.6,0.292,0.952
77,327,19.142196,72.9308567,9.5,5,12.29,0.83,3W,1,0.332,0.819333333
77,1061,19.109979,72.9222474,9.5,5,12.29,0.83,3W,1,0.332,0.819333333
77,2,19.0017462,72.8385782,9.5,5,12.29,0.83,3W,1,0.332,0.819333333
77,572,19.1454264,72.9343604,9.5,5,12.29,0.83,3W,1,0.332,0.819333333
77,718,18.9666196,72.8390795,9.5,5,12.29,0.83,3W,1,0.332,0.819333333
78,6,19.0742785,72.8681007,9.5,4,14.77,0.83,3W,0.8,0.332,0.984666667
78,641,18.9912356,72.8342292,9.5,4,14.77,0.83,3W,0.8,0.332,0.984666667
78,361,19.0602298,72.8526046,9.5,4,14.77,0.83,3W,0.8,0.332,0.984666667
78,1173,19.1535487,72.9327975,9.5,4,14.77,0.83,3W,0.8,0.332,0.984666667
79,126,18.9491807,72.8283795,9.5,5,14.23,0.89,3W,1,0.356,0.948666667
79,286,19.0348104,72.8447702,9.5,5,14.23,0.89,3W,1,0.356,0.948666667
79,337,18.9651646,72.8140073,9.5,5,14.23,0.89,3W,1,0.356,0.948666667
79,542,18.9892811,72.8428705,9.5,5,14.23,0.89,3W,1,0.356,0.948666667
79,1115,19.1641335,72.944849,9.5,5,14.23,0.89,3W,1,0.356,0.948666667
80,807,19.0056466,72.828967,9.5,4,13.52,0.78,3W,0.8,0.312,0.901333333
80,744,19.0105081,72.8244067,9.5,4,13.52,0.78,3W,0.8,0.312,0.901333333
80,1088,18.9567006,72.8289431,9.5,4,13.52,0.78,3W,0.8,0.312,0.901333333
80,459,19.0826185,72.8962528,9.5,4,13.52,0.78,3W,0.8,0.312,0.901333333
81,56,19.1570375,72.9377903,9.5,3,10.35,0.59,3W,0.6,0.236,0.69
81,1220,18.9951617,72.8263455,9.5,3,10.35,0.59,3W,0.6,0.236,0.69
81,819,18.9532318,72.8375627,9.5,3,10.35,0.59,3W,0.6,0.236,0.69
82,614,19.1594712,72.9323178,9.5,3,13.69,0.71,3W,0.6,0.284,0.912666667
82,17,19.1796166,72.9587363,9.5,3,13.69,0.71,3W,0.6,0.284,0.912666667
82,34,19.0708583,72.8295649,9.5,3,13.69,0.71,3W,0.6,0.284,0.912666667
83,473,19.005202,72.820544,9.5,5,13.22,0.86,3W,1,0.344,0.881333333
83,701,19.1118086,72.9304713,9.5,5,13.22,0.86,3W,1,0.344,0.881333333
83,220,19.1475358,72.9394553,9.5,5,13.22,0.86,3W,1,0.344,0.881333333
83,598,19.0903694,72.8627519,9.5,5,13.22,0.86,3W,1,0.344,0.881333333
83,341,19.0044603,72.8500248,9.5,5,13.22,0.86,3W,1,0.344,0.881333333
84,339,18.9903419,72.8396447,9.5,5,11.42,0.8,3W,1,0.32,0.761333333
84,988,18.9532264,72.8235989,9.5,5,11.42,0.8,3W,1,0.32,0.761333333
84,635,19.1784492,72.9559267,9.5,5,11.42,0.8,3W,1,0.32,0.761333333
84,1164,18.9676283,72.8084625,9.5,5,11.42,0.8,3W,1,0.32,0.761333333
84,1015,19.1655518,72.9361685,9.5,5,11.42,0.8,3W,1,0.32,0.761333333
85,501,18.967083,72.816759,9.5,5,11.33,0.79,3W,1,0.316,0.755333333
85,775,19.095972,72.9190974,9.5,5,11.33,0.79,3W,1,0.316,0.755333333
85,1172,18.9891961,72.8433716,9.5,5,11.33,0.79,3W,1,0.316,0.755333333
85,1065,19.0114345,72.834588,9.5,5,11.33,0.79,3W,1,0.316,0.755333333
85,1124,19.1418908,72.9314305,9.5,5,11.33,0.79,3W,1,0.316,0.755333333
86,582,19.0240466,72.8420038,9.5,5,13.49,0.87,3W,1,0.348,0.899333333
86,687,19.1303408,72.937521,9.5,5,13.49,0.87,3W,1,0.348,0.899333333
86,1011,19.1215084,72.8975717,9.5,5,13.49,0.87,3W,1,0.348,0.899333333
86,37,19.168134,72.9423656,9.5,5,13.49,0.87,3W,1,0.348,0.899333333
86,601,18.981247,72.842197,9.5,5,13.49,0.87,3W,1,0.348,0.899333333
87,1194,18.9646274,72.8445401,9.5,4,14.76,0.83,3W,0.8,0.332,0.984
87,717,19.025794,72.841401,9.5,4,14.76,0.83,3W,0.8,0.332,0.984
87,666,19.1840888,72.9437267,9.5,4,14.76,0.83,3W,0.8,0.332,0.984
87,100,19.1220052,72.9149954,9.5,4,14.76,0.83,3W,0.8,0.332,0.984
88,445,19.114999,72.8468181,9.5,5,14.27,0.89,3W,1,0.356,0.951333333
88,699,19.1037851,72.9273209,9.5,5,14.27,0.89,3W,1,0.356,0.951333333
88,1101,19.0932519,72.9220638,9.5,5,14.27,0.89,3W,1,0.356,0.951333333
88,108,19.1474883,72.9346442,9.5,5,14.27,0.89,3W,1,0.356,0.951333333
88,346,19.1080438,72.9138533,9.5,5,14.27,0.89,3W,1,0.356,0.951333333
89,102,19.0033216,72.8299785,9.5,5,15.29,0.93,4W-EV,0.625,0.372,0.7645
89,69,19.0045602,72.8477576,9.5,5,15.29,0.93,4W-EV,0.625,0.372,0.7645
89,984,19.1720555,72.9562915,9.5,5,15.29,0.93,4W-EV,0.625,0.372,0.7645
89,616,19.0010958,72.8217986,9.5,5,15.29,0.93,4W-EV,0.625,0.372,0.7645
89,1162,18.9952104,72.8287458,9.5,5,15.29,0.93,4W-EV,0.625,0.372,0.7645
90,417,19.1114738,72.8977022,9.5,5,14.47,0.9,4W-EV,0.625,0.36,0.7235
90,1157,19.1832026,72.9383054,9.5,5,14.47,0.9,4W-EV,0.625,0.36,0.7235
90,784,19.0595984,72.8525429,9.5,5,14.47,0.9,4W-EV,0.625,0.36,0.7235
90,667,19.1269052,72.8489853,9.5,5,14.47,0.9,4W-EV,0.625,0.36,0.7235
90,1001,19.1527802,72.9424147,9.5,5,14.47,0.9,4W-EV,0.625,0.36,0.7235
91,978,19.096712,72.917498,9.5,6,17.87,1.1,4W-EV,0.75,0.44,0.8935
91,1145,18.9702112,72.8095518,9.5,6,17.87,1.1,4W-EV,0.75,0.44,0.8935
91,57,19.105354,72.8980047,9.5,6,17.87,1.1,4W-EV,0.75,0.44,0.8935
91,812,19.1486423,72.9395972,9.5,6,17.87,1.1,4W-EV,0.75,0.44,0.8935
91,447,19.0376735,72.8464575,9.5,6,17.87,1.1,4W-EV,0.75,0.44,0.8935
91,1119,19.0744426,72.8604874,9.5,6,17.87,1.1,4W-EV,0.75,0.44,0.8935
92,955,18.9517358,72.8277534,9.5,7,14.38,1.06,4W-EV,0.875,0.424,0.719
92,791,18.951005,72.820813,9.5,7,14.38,1.06,4W-EV,0.875,0.424,0.719
92,385,19.1189014,72.913112,9.5,7,14.38,1.06,4W-EV,0.875,0.424,0.719
92,818,19.0890732,72.902282,9.5,7,14.38,1.06,4W-EV,0.875,0.424,0.719
92,544,19.000248,72.844933,9.5,7,14.38,1.06,4W-EV,0.875,0.424,0.719
92,38,19.0755078,72.8646328,9.5,7,14.38,1.06,4W-EV,0.875,0.424,0.719
92,938,19.0523549,72.8251229,9.5,7,14.38,1.06,4W-EV,0.875,0.424,0.719
93,1096,19.1527186,72.9472242,9.5,5,15.04,0.92,4W-EV,0.625,0.368,0.752
93,181,19.096712,72.917498,9.5,5,15.04,0.92,4W-EV,0.625,0.368,0.752
93,1024,18.9487642,72.8289157,9.5,5,15.04,0.92,4W-EV,0.625,0.368,0.752
93,65,19.1364008,72.9357259,9.5,5,15.04,0.92,4W-EV,0.625,0.368,0.752
93,16,19.0921596,72.8830053,9.5,5,15.04,0.92,4W-EV,0.625,0.368,0.752
94,1148,19.1366448,72.9320748,9.5,7,15.67,1.11,4W-EV,0.875,0.444,0.7835
94,11,19.0746113,72.8660635,9.5,7,15.67,1.11,4W-EV,0.875,0.444,0.7835
94,756,18.9952778,72.8339388,9.5,7,15.67,1.11,4W-EV,0.875,0.444,0.7835
94,137,19.1044384,72.8971581,9.5,7,15.67,1.11,4W-EV,0.875,0.444,0.7835
94,618,19.0938435,72.9226175,9.5,7,15.67,1.11,4W-EV,0.875,0.444,0.7835
94,857,19.1866106,72.9458271,9.5,7,15.67,1.11,4W-EV,0.875,0.444,0.7835
94,463,19.1671985,72.9419035,9.5,7,15.67,1.11,4W-EV,0.875,0.444,0.7835
95,591,19.1370885,72.9314767,9.5,8,18,1.27,4W-EV,1,0.508,0.9
95,377,19.1796166,72.9587363,9.5,8,18,1.27,4W-EV,1,0.508,0.9
95,695,18.9535391,72.8165328,9.5,8,18,1.27,4W-EV,1,0.508,0.9
95,1042,18.9535447,72.8167901,9.5,8,18,1.27,4W-EV,1,0.508,0.9
95,63,18.9512852,72.8226301,9.5,8,18,1.27,4W-EV,1,0.508,0.9
95,436,19.1727319,72.9342681,9.5,8,18,1.27,4W-EV,1,0.508,0.9
95,651,19.0103104,72.8362894,9.5,8,18,1.27,4W-EV,1,0.508,0.9
95,443,18.9984932,72.830685,9.5,8,18,1.27,4W-EV,1,0.508,0.9
96,93,19.0317118,72.8387162,9.5,6,16.19,1.04,4W-EV,0.75,0.416,0.8095
96,830,19.0799512,72.8694442,9.5,6,16.19,1.04,4W-EV,0.75,0.416,0.8095
96,1253,18.995462,72.8391925,9.5,6,16.19,1.04,4W-EV,0.75,0.416,0.8095
96,743,19.1863348,72.946847,9.5,6,16.19,1.04,4W-EV,0.75,0.416,0.8095
96,192,19.051677,72.830899,9.5,6,16.19,1.04,4W-EV,0.75,0.416,0.8095
96,173,19.1642821,72.9447948,9.5,6,16.19,1.04,4W-EV,0.75,0.416,0.8095
97,589,19.0969551,72.8892082,9.5,8,18.42,1.28,4W-EV,1,0.512,0.921
97,774,19.1403643,72.9332897,9.5,8,18.42,1.28,4W-EV,1,0.512,0.921
97,143,19.003268,72.813478,9.5,8,18.42,1.28,4W-EV,1,0.512,0.921
97,712,19.0716499,72.8309538,9.5,8,18.42,1.28,4W-EV,1,0.512,0.921
97,1055,19.1666733,72.9547263,9.5,8,18.42,1.28,4W-EV,1,0.512,0.921
97,1136,19.0674027,72.8389002,9.5,8,18.42,1.28,4W-EV,1,0.512,0.921
97,620,19.174059,72.9660565,9.5,8,18.42,1.28,4W-EV,1,0.512,0.921
97,766,19.110853,72.8630478,9.5,8,18.42,1.28,4W-EV,1,0.512,0.921
98,702,19.0346405,72.8426054,9.5,8,16.09,1.2,4W-EV,1,0.48,0.8045
98,1106,19.1362843,72.9180193,9.5,8,16.09,1.2,4W-EV,1,0.48,0.8045
98,617,19.1685531,72.9670078,9.5,8,16.09,1.2,4W-EV,1,0.48,0.8045
98,371,19.1701948,72.9543399,9.5,8,16.09,1.2,4W-EV,1,0.48,0.8045
98,276,18.9494227,72.8005068,9.5,8,16.09,1.2,4W-EV,1,0.48,0.8045
98,496,18.9449831,72.8309816,9.5,8,16.09,1.2,4W-EV,1,0.48,0.8045
98,264,18.9587287,72.8135784,9.5,8,16.09,1.2,4W-EV,1,0.48,0.8045
98,338,18.9957138,72.845766,9.5,8,16.09,1.2,4W-EV,1,0.48,0.8045
99,903,19.0292837,72.8378853,9.5,5,17.56,1,4W-EV,0.625,0.4,0.878
99,40,18.9570948,72.7997731,9.5,5,17.56,1,4W-EV,0.625,0.4,0.878
99,62,19.0758638,72.8638056,9.5,5,17.56,1,4W-EV,0.625,0.4,0.878
99,665,18.9973878,72.8145973,9.5,5,17.56,1,4W-EV,0.625,0.4,0.878
99,321,18.9951882,72.8211985,9.5,5,17.56,1,4W-EV,0.625,0.4,0.878
100,697,19.0742816,72.8354037,9.5,8,18.78,1.29,4W-EV,1,0.516,0.939
100,1039,19.048284,72.825031,9.5,8,18.78,1.29,4W-EV,1,0.516,0.939
100,1044,19.1233931,72.913112,9.5,8,18.78,1.29,4W-EV,1,0.516,0.939
100,930,19.0783148,72.856625,9.5,8,18.78,1.29,4W-EV,1,0.516,0.939
100,567,18.9900119,72.8343976,9.5,8,18.78,1.29,4W-EV,1,0.516,0.939
100,547,19.0833253,72.8436239,9.5,8,18.78,1.29,4W-EV,1,0.516,0.939
100,13,19.1087657,72.8485204,9.5,8,18.78,1.29,4W-EV,1,0.516,0.939
100,790,19.0319814,72.8472092,9.5,8,18.78,1.29,4W-EV,1,0.516,0.939
101,106,19.1244832,72.928672,9.5,5,15.08,0.92,4W-EV,0.625,0.368,0.754
101,543,19.1109729,72.8486006,9.5,5,15.08,0.92,4W-EV,0.625,0.368,0.754
101,692,19.0995575,72.9166225,9.5,5,15.08,0.92,4W-EV,0.625,0.368,0.754
101,261,19.147019,72.9490607,9.5,5,15.08,0.92,4W-EV,0.625,0.368,0.754
101,506,19.1736117,72.964811,9.5,5,15.08,0.92,4W-EV,0.625,0.368,0.754
102,342,19.0977732,72.8845933,9.5,5,19.84,1.08,4W-EV,0.625,0.432,0.992
102,719,19.0646822,72.8245505,9.5,5,19.84,1.08,4W-EV,0.625,0.432,0.992
102,1030,19.1055301,72.8986004,9.5,5,19.84,1.08,4W-EV,0.625,0.432,0.992
102,638,18.969317,72.8446334,9.5,5,19.84,1.08,4W-EV,0.625,0.432,0.992
102,467,19.13069,72.9322149,9.5,5,19.84,1.08,4W-EV,0.625,0.432,0.992
103,1254,19.1483617,72.9445966,9.5,4,15.97,0.87,4W-EV,0.5,0.348,0.7985
103,394,18.9498965,72.7948231,9.5,4,15.97,0.87,4W-EV,0.5,0.348,0.7985
103,386,19.15153,72.9279238,9.5,4,15.97,0.87,4W-EV,0.5,0.348,0.7985
103,780,19.1870782,72.9451877,9.5,4,15.97,0.87,4W-EV,0.5,0.348,0.7985
104,122,19.1020767,72.9128351,9.5,6,17.12,1.07,4W-EV,0.75,0.428,0.856
104,21,19.0580702,72.825353,9.5,6,17.12,1.07,4W-EV,0.75,0.428,0.856
104,1225,19.054339,72.8336518,9.5,6,17.12,1.07,4W-EV,0.75,0.428,0.856
104,602,19.1027749,72.9286715,9.5,6,17.12,1.07,4W-EV,0.75,0.428,0.856
104,732,19.0553145,72.8376229,9.5,6,17.12,1.07,4W-EV,0.75,0.428,0.856
104,309,19.1280021,72.8682474,9.5,6,17.12,1.07,4W-EV,0.75,0.428,0.856
105,868,19.1756703,72.9558609,9.5,5,19.86,1.08,4W-EV,0.625,0.432,0.993
105,75,18.9936021,72.8427505,9.5,5,19.86,1.08,4W-EV,0.625,0.432,0.993
105,814,18.9920317,72.838111,9.5,5,19.86,1.08,4W-EV,0.625,0.432,0.993
105,298,19.136273,72.869696,9.5,5,19.86,1.08,4W-EV,0.625,0.432,0.993
105,1050,19.0017749,72.8168869,9.5,5,19.86,1.08,4W-EV,0.625,0.432,0.993
106,278,18.9652885,72.8446232,9.5,8,17.59,1.25,4W-EV,1,0.5,0.8795
106,1234,19.0116507,72.8483436,9.5,8,17.59,1.25,4W-EV,1,0.5,0.8795
106,370,19.0313742,72.8380064,9.5,8,17.59,1.25,4W-EV,1,0.5,0.8795
106,975,18.9636188,72.8314836,9.5,8,17.59,1.25,4W-EV,1,0.5,0.8795
106,391,19.0153155,72.8306435,9.5,8,17.59,1.25,4W-EV,1,0.5,0.8795
106,1195,19.1354782,72.93437,9.5,8,17.59,1.25,4W-EV,1,0.5,0.8795
106,795,19.1069671,72.8621998,9.5,8,17.59,1.25,4W-EV,1,0.5,0.8795
106,578,18.9991818,72.8461472,9.5,8,17.59,1.25,4W-EV,1,0.5,0.8795
107,1236,19.1007676,72.9178089,9.5,8,16.35,1.21,4W-EV,1,0.484,0.8175
107,492,19.1078793,72.8972264,9.5,8,16.35,1.21,4W-EV,1,0.484,0.8175
107,720,19.1006879,72.9152346,9.5,8,16.35,1.21,4W-EV,1,0.484,0.8175
107,555,19.1731156,72.964511,9.5,8,16.35,1.21,4W-EV,1,0.484,0.8175
107,813,19.1283006,72.8698711,9.5,8,16.35,1.21,4W-EV,1,0.484,0.8175
107,594,19.1476614,72.9475521,9.5,8,16.35,1.21,4W-EV,1,0.484,0.8175
107,1251,18.9520734,72.8263455,9.5,8,16.35,1.21,4W-EV,1,0.484,0.8175
107,1159,19.1058685,72.9195512,9.5,8,16.35,1.21,4W-EV,1,0.484,0.8175
108,299,19.1141586,72.8941935,9.5,6,15.39,1.01,4W-EV,0.75,0.404,0.7695
108,224,19.120103,72.9120507,9.5,6,15.39,1.01,4W-EV,0.75,0.404,0.7695
108,810,19.1003106,72.8858839,9.5,6,15.39,1.01,4W-EV,0.75,0.404,0.7695
108,368,19.0168521,72.8259762,9.5,6,15.39,1.01,4W-EV,0.75,0.404,0.7695
108,442,19.0693362,72.8354495,9.5,6,15.39,1.01,4W-EV,0.75,0.404,0.7695
108,522,19.1868129,72.9425315,9.5,6,15.39,1.01,4W-EV,0.75,0.404,0.7695
109,456,19.0231535,72.8544964,9.5,5,18.58,1.04,4W-EV,0.625,0.416,0.929
109,1048,19.0352309,72.8454409,9.5,5,18.58,1.04,4W-EV,0.625,0.416,0.929
109,235,19.115509,72.856889,9.5,5,18.58,1.04,4W-EV,0.625,0.416,0.929
109,551,18.9126899,72.822314,9.5,5,18.58,1.04,4W-EV,0.625,0.416,0.929
109,46,19.0972088,72.9196599,9.5,5,18.58,1.04,4W-EV,0.625,0.416,0.929
110,902,18.9579518,72.8218448,9.5,8,16.1,1.2,4W-EV,1,0.48,0.805
110,515,18.9255794,72.8305619,9.5,8,16.1,1.2,4W-EV,1,0.48,0.805
110,80,19.1027526,72.8859562,9.5,8,16.1,1.2,4W-EV,1,0.48,0.805
110,280,18.9768274,72.812081,9.5,8,16.1,1.2,4W-EV,1,0.48,0.805
110,325,19.1514333,72.9468504,9.5,8,16.1,1.2,4W-EV,1,0.48,0.805
110,833,19.1153798,72.9091436,9.5,8,16.1,1.2,4W-EV,1,0.48,0.805
110,1208,19.1736117,72.964811,9.5,8,16.1,1.2,4W-EV,1,0.48,0.805
110,230,19.1135571,72.9100388,9.5,8,16.1,1.2,4W-EV,1,0.48,0.805
111,772,19.1168547,72.8893327,9.5,6,16.87,1.06,4W-EV,0.75,0.424,0.8435
111,1165,18.98108,72.8361839,9.5,6,16.87,1.06,4W-EV,0.75,0.424,0.8435
111,1135,19.029888,72.8398841,9.5,6,16.87,1.06,4W-EV,0.75,0.424,0.8435
111,114,19.004997,72.8484023,9.5,6,16.87,1.06,4W-EV,0.75,0.424,0.8435
111,963,19.0772922,72.8578503,9.5,6,16.87,1.06,4W-EV,0.75,0.424,0.8435
111,907,19.104586,72.8496266,9.5,6,16.87,1.06,4W-EV,0.75,0.424,0.8435
112,859,19.11504,72.9006806,12,5,12.75,0.84,3W,1,0.336,0.85
112,627,19.102119,72.9121637,12,5,12.75,0.84,3W,1,0.336,0.85
112,778,19.1588468,72.936375,12,5,12.75,0.84,3W,1,0.336,0.85
112,646,19.1181063,72.8954924,12,5,12.75,0.84,3W,1,0.336,0.85
112,684,19.0320634,72.8419438,12,5,12.75,0.84,3W,1,0.336,0.85
113,333,19.1661463,72.9557699,12,3,14.55,0.73,3W,0.6,0.292,0.97
113,1073,19.1156889,72.9055645,12,3,14.55,0.73,3W,0.6,0.292,0.97
113,270,18.9546689,72.8235979,12,3,14.55,0.73,3W,0.6,0.292,0.97
114,1057,19.1155493,72.937586,12,5,12.52,0.83,3W,1,0.332,0.834666667
114,97,18.954188,72.8320072,12,5,12.52,0.83,3W,1,0.332,0.834666667
114,247,18.9927208,72.836278,12,5,12.52,0.83,3W,1,0.332,0.834666667
114,530,19.1455922,72.9305293,12,5,12.52,0.83,3W,1,0.332,0.834666667
114,1176,19.1703744,72.9605779,12,5,12.52,0.83,3W,1,0.332,0.834666667
115,604,18.9814602,72.8267949,12,4,12.86,0.76,3W,0.8,0.304,0.857333333
115,1240,19.1052305,72.8972196,12,4,12.86,0.76,3W,0.8,0.304,0.857333333
115,1213,19.006833,72.8216371,12,4,12.86,0.76,3W,0.8,0.304,0.857333333
115,571,19.1115059,72.8532778,12,4,12.86,0.76,3W,0.8,0.304,0.857333333
116,232,19.1381425,72.8701429,12,5,14.11,0.89,3W,1,0.356,0.940666667
116,340,19.1193765,72.8940055,12,5,14.11,0.89,3W,1,0.356,0.940666667
116,1171,19.0406674,72.8401241,12,5,14.11,0.89,3W,1,0.356,0.940666667
116,849,19.0575589,72.8308117,12,5,14.11,0.89,3W,1,0.356,0.940666667
116,1218,19.1340229,72.9299724,12,5,14.11,0.89,3W,1,0.356,0.940666667
117,747,19.1255855,72.8618716,12,4,13.24,0.77,3W,0.8,0.308,0.882666667
117,1180,19.1701843,72.9633138,12,4,13.24,0.77,3W,0.8,0.308,0.882666667
117,912,19.1484021,72.9285873,12,4,13.24,0.77,3W,0.8,0.308,0.882666667
117,444,19.0520962,72.8306686,12,4,13.24,0.77,3W,0.8,0.308,0.882666667
118,573,18.990581,72.8134132,12,3,14.44,0.73,3W,0.6,0.292,0.962666667
118,1099,18.9457804,72.8273433,12,3,14.44,0.73,3W,0.6,0.292,0.962666667
118,366,19.1679318,72.9336231,12,3,14.44,0.73,3W,0.6,0.292,0.962666667
119,419,19.0880572,72.9033764,12,7,19.28,1.23,4W-EV,0.875,0.492,0.964
119,177,19.1287846,72.8631789,12,7,19.28,1.23,4W-EV,0.875,0.492,0.964
119,207,18.965598,72.8034217,12,7,19.28,1.23,4W-EV,0.875,0.492,0.964
119,138,19.1664464,72.9391827,12,7,19.28,1.23,4W-EV,0.875,0.492,0.964
119,528,18.9720352,72.8245773,12,7,19.28,1.23,4W-EV,0.875,0.492,0.964
119,199,19.140204,72.931212,12,7,19.28,1.23,4W-EV,0.875,0.492,0.964
119,508,19.1079498,72.8615606,12,7,19.28,1.23,4W-EV,0.875,0.492,0.964
120,968,19.0222087,72.8421394,12,5,19.78,1.08,4W-EV,0.625,0.432,0.989
120,986,19.0713519,72.8320835,12,5,19.78,1.08,4W-EV,0.625,0.432,0.989
120,976,19.1050452,72.8508787,12,5,19.78,1.08,4W-EV,0.625,0.432,0.989
120,619,19.0658271,72.837428,12,5,19.78,1.08,4W-EV,0.625,0.432,0.989
120,705,19.1296047,72.8701249,12,5,19.78,1.08,4W-EV,0.625,0.432,0.989
121,68,19.0783441,72.8713589,12,8,19.71,1.32,4W-EV,1,0.528,0.9855
121,923,19.061133,72.846583,12,8,19.71,1.32,4W-EV,1,0.528,0.9855
121,318,19.0666156,72.8347672,12,8,19.71,1.32,4W-EV,1,0.528,0.9855
121,1052,19.1729479,72.9422984,12,8,19.71,1.32,4W-EV,1,0.528,0.9855
121,499,19.1535276,72.9373369,12,8,19.71,1.32,4W-EV,1,0.528,0.9855
121,433,19.1475358,72.9394553,12,8,19.71,1.32,4W-EV,1,0.528,0.9855
121,393,19.0818985,72.8457231,12,8,19.71,1.32,4W-EV,1,0.528,0.9855
121,875,19.0634309,72.8591007,12,8,19.71,1.32,4W-EV,1,0.528,0.9855
122,73,19.039606,72.8388778,7,25,74.91,4.58,4W,1,1.832,-
122,35,18.9719599,72.817066,7,25,74.91,4.58,4W,1,1.832,-
122,112,19.1820963,72.9474451,7,25,74.91,4.58,4W,1,1.832,-
122,152,18.9725742,72.8426392,7,25,74.91,4.58,4W,1,1.832,-
122,176,19.1235158,72.8912849,7,25,74.91,4.58,4W,1,1.832,-
122,109,18.9607978,72.838757,7,25,74.91,4.58,4W,1,1.832,-
122,101,19.1670609,72.9542453,7,25,74.91,4.58,4W,1,1.832,-
122,71,19.1580355,72.93586,7,25,74.91,4.58,4W,1,1.832,-
122,87,19.0921596,72.8830053,7,25,74.91,4.58,4W,1,1.832,-
122,27,19.1047571,72.8488016,7,25,74.91,4.58,4W,1,1.832,-
122,159,19.171536,72.9528553,7,25,74.91,4.58,4W,1,1.832,-
122,118,19.0006618,72.8446624,7,25,74.91,4.58,4W,1,1.832,-
122,153,19.0921596,72.8830053,7,25,74.91,4.58,4W,1,1.832,-
122,131,19.0132882,72.8312344,7,25,74.91,4.58,4W,1,1.832,-
122,169,19.045672,72.819322,7,25,74.91,4.58,4W,1,1.832,-
122,128,18.9915669,72.8424295,7,25,74.91,4.58,4W,1,1.832,-
122,29,18.9734341,72.809582,7,25,74.91,4.58,4W,1,1.832,-
122,127,19.0686502,72.8237836,7,25,74.91,4.58,4W,1,1.832,-
122,84,19.0693486,72.8304835,7,25,74.91,4.58,4W,1,1.832,-
122,154,19.0568934,72.8332085,7,25,74.91,4.58,4W,1,1.832,-
122,147,19.0802676,72.850804,7,25,74.91,4.58,4W,1,1.832,-
122,136,18.9601467,72.8156591,7,25,74.91,4.58,4W,1,1.832,-
122,99,19.1122668,72.9332486,7,25,74.91,4.58,4W,1,1.832,-
122,123,19.1058621,72.8972677,7,25,74.91,4.58,4W,1,1.832,-
122,28,19.1497939,72.9491063,7,25,74.91,4.58,4W,1,1.832,-
123,201,19.1736117,72.964811,7,25,86.83,4.98,4W,1,1.992,-
123,184,18.9674913,72.8157283,7,25,86.83,4.98,4W,1,1.992,-
123,196,19.1674263,72.9457375,7,25,86.83,4.98,4W,1,1.992,-
123,195,19.1000012,72.8476968,7,25,86.83,4.98,4W,1,1.992,-
123,285,18.9764724,72.8222798,7,25,86.83,4.98,4W,1,1.992,-
123,246,19.1065772,72.897584,7,25,86.83,4.98,4W,1,1.992,-
123,274,19.0194427,72.8283229,7,25,86.83,4.98,4W,1,1.992,-
123,334,19.0746055,72.8665987,7,25,86.83,4.98,4W,1,1.992,-
123,245,18.9939695,72.836639,7,25,86.83,4.98,4W,1,1.992,-
123,223,19.1064584,72.8890236,7,25,86.83,4.98,4W,1,1.992,-
123,217,19.0670125,72.8516749,7,25,86.83,4.98,4W,1,1.992,-
123,186,19.1701716,72.961887,7,25,86.83,4.98,4W,1,1.992,-
123,188,19.0749506,72.8354002,7,25,86.83,4.98,4W,1,1.992,-
123,326,19.1137967,72.9039149,7,25,86.83,4.98,4W,1,1.992,-
123,297,19.1355088,72.9083972,7,25,86.83,4.98,4W,1,1.992,-
123,287,19.1168785,72.8951062,7,25,86.83,4.98,4W,1,1.992,-
123,268,18.9979103,72.8311198,7,25,86.83,4.98,4W,1,1.992,-
123,319,19.051978,72.826421,7,25,86.83,4.98,4W,1,1.992,-
123,190,19.0648971,72.8239955,7,25,86.83,4.98,4W,1,1.992,-
123,313,18.9921457,72.846563,7,25,86.83,4.98,4W,1,1.992,-
123,212,19.1162305,72.9074157,7,25,86.83,4.98,4W,1,1.992,-
123,323,18.9748735,72.8125947,7,25,86.83,4.98,4W,1,1.992,-
123,263,19.1189401,72.9088225,7,25,86.83,4.98,4W,1,1.992,-
123,219,19.1821818,72.9445879,7,25,86.83,4.98,4W,1,1.992,-
123,312,19.1004016,72.9182955,7,25,86.83,4.98,4W,1,1.992,-
124,448,18.9438315,72.8271302,7,25,74.94,4.58,4W,1,1.832,-
124,491,19.0993558,72.9163421,7,25,74.94,4.58,4W,1,1.832,-
124,399,19.0390925,72.8419924,7,25,74.94,4.58,4W,1,1.832,-
124,550,19.175939,72.9659541,7,25,74.94,4.58,4W,1,1.832,-
124,549,19.1032943,72.9264623,7,25,74.94,4.58,4W,1,1.832,-
124,519,19.13069,72.9322149,7,25,74.94,4.58,4W,1,1.832,-
124,552,19.1094293,72.8896261,7,25,74.94,4.58,4W,1,1.832,-
124,500,19.031058,72.8454463,7,25,74.94,4.58,4W,1,1.832,-
124,382,19.1040164,72.8992582,7,25,74.94,4.58,4W,1,1.832,-
124,392,19.1296111,72.9333539,7,25,74.94,4.58,4W,1,1.832,-
124,460,19.1045939,72.8998242,7,25,74.94,4.58,4W,1,1.832,-
124,513,19.1870782,72.9451877,7,25,74.94,4.58,4W,1,1.832,-
124,357,19.1227626,72.8954282,7,25,74.94,4.58,4W,1,1.832,-
124,424,19.0936338,72.8497571,7,25,74.94,4.58,4W,1,1.832,-
124,511,19.0095363,72.8255146,7,25,74.94,4.58,4W,1,1.832,-
124,516,18.9987815,72.8286704,7,25,74.94,4.58,4W,1,1.832,-
124,553,19.0000469,72.8170589,7,25,74.94,4.58,4W,1,1.832,-
124,462,19.0600347,72.8332992,7,25,74.94,4.58,4W,1,1.832,-
124,538,19.1165999,72.8865755,7,25,74.94,4.58,4W,1,1.832,-
124,437,19.1279368,72.8607786,7,25,74.94,4.58,4W,1,1.832,-
124,381,19.0317118,72.8387162,7,25,74.94,4.58,4W,1,1.832,-
124,489,19.0741238,72.869297,7,25,74.94,4.58,4W,1,1.832,-
124,343,19.0975168,72.8836132,7,25,74.94,4.58,4W,1,1.832,-
124,416,19.1722245,72.9652864,7,25,74.94,4.58,4W,1,1.832,-
124,510,19.1475358,72.9394553,7,25,74.94,4.58,4W,1,1.832,-
125,622,19.1650444,72.9632654,7,25,78.6,4.7,4W,1,1.88,-
125,630,18.9676876,72.8404124,7,25,78.6,4.7,4W,1,1.88,-
125,675,19.1173785,72.9400881,7,25,78.6,4.7,4W,1,1.88,-
125,653,18.9653477,72.8145228,7,25,78.6,4.7,4W,1,1.88,-
125,621,19.1647947,72.9446475,7,25,78.6,4.7,4W,1,1.88,-
125,746,19.1370885,72.9314767,7,25,78.6,4.7,4W,1,1.88,-
125,703,19.030338,72.843664,7,25,78.6,4.7,4W,1,1.88,-
125,749,19.1570557,72.9506397,7,25,78.6,4.7,4W,1,1.88,-
125,649,18.9543648,72.8235799,7,25,78.6,4.7,4W,1,1.88,-
125,698,19.1696105,72.958865,7,25,78.6,4.7,4W,1,1.88,-
125,577,19.1750292,72.9655309,7,25,78.6,4.7,4W,1,1.88,-
125,613,19.1698525,72.9600801,7,25,78.6,4.7,4W,1,1.88,-
125,716,19.063199,72.8619789,7,25,78.6,4.7,4W,1,1.88,-
125,664,18.95398,72.7970548,7,25,78.6,4.7,4W,1,1.88,-
125,648,19.0975416,72.8822514,7,25,78.6,4.7,4W,1,1.88,-
125,674,19.1076133,72.8992184,7,25,78.6,4.7,4W,1,1.88,-
125,584,19.0453567,72.8379152,7,25,78.6,4.7,4W,1,1.88,-
125,569,19.1175445,72.8868515,7,25,78.6,4.7,4W,1,1.88,-
125,607,19.1430757,72.9305923,7,25,78.6,4.7,4W,1,1.88,-
125,652,19.1684546,72.9643775,7,25,78.6,4.7,4W,1,1.88,-
125,557,19.1096435,72.9223052,7,25,78.6,4.7,4W,1,1.88,-
125,625,19.0162358,72.8206571,7,25,78.6,4.7,4W,1,1.88,-
125,585,19.178868,72.9584198,7,25,78.6,4.7,4W,1,1.88,-
125,581,19.069753,72.8391086,7,25,78.6,4.7,4W,1,1.88,-
125,629,19.1202729,72.9379362,7,25,78.6,4.7,4W,1,1.88,-
126,897,19.0056466,72.828967,7,25,72.82,4.51,4W,1,1.804,-
126,789,18.9664679,72.8126351,7,25,72.82,4.51,4W,1,1.804,-
126,858,19.0039533,72.8498863,7,25,72.82,4.51,4W,1,1.804,-
126,905,19.0590466,72.8301768,7,25,72.82,4.51,4W,1,1.804,-
126,851,19.1045939,72.8998242,7,25,72.82,4.51,4W,1,1.804,-
126,792,19.0660175,72.8476943,7,25,72.82,4.51,4W,1,1.804,-
126,852,19.0594212,72.8305101,7,25,72.82,4.51,4W,1,1.804,-
126,765,19.1332308,72.9379736,7,25,72.82,4.51,4W,1,1.804,-
126,853,18.9551326,72.8333678,7,25,72.82,4.51,4W,1,1.804,-
126,826,18.9549438,72.8223064,7,25,72.82,4.51,4W,1,1.804,-
126,799,19.1722176,72.9625984,7,25,72.82,4.51,4W,1,1.804,-
126,847,18.970378,72.832441,7,25,72.82,4.51,4W,1,1.804,-
126,788,19.1816802,72.9494801,7,25,72.82,4.51,4W,1,1.804,-
126,895,19.1197729,72.8501094,7,25,72.82,4.51,4W,1,1.804,-
126,764,18.9995537,72.8455417,7,25,72.82,4.51,4W,1,1.804,-
126,816,18.9774658,72.8235729,7,25,72.82,4.51,4W,1,1.804,-
126,867,18.945013,72.7943477,7,25,72.82,4.51,4W,1,1.804,-
126,906,19.1570375,72.9377903,7,25,72.82,4.51,4W,1,1.804,-
126,762,18.9554072,72.7969625,7,25,72.82,4.51,4W,1,1.804,-
126,787,19.1116454,72.9302668,7,25,72.82,4.51,4W,1,1.804,-
126,804,18.916699,72.8291859,7,25,72.82,4.51,4W,1,1.804,-
126,820,19.1155599,72.9117697,7,25,72.82,4.51,4W,1,1.804,-
126,769,19.0702599,72.8310077,7,25,72.82,4.51,4W,1,1.804,-
126,771,19.1046932,72.8496481,7,25,72.82,4.51,4W,1,1.804,-
126,754,19.0914739,72.9024063,7,25,72.82,4.51,4W,1,1.804,-
127,937,19.077214,72.8497137,7,25,77.5,4.67,4W,1,1.868,-
127,1031,19.123359,72.9084941,7,25,77.5,4.67,4W,1,1.868,-
127,929,19.1072367,72.8966967,7,25,77.5,4.67,4W,1,1.868,-
127,1027,18.9901964,72.8430551,7,25,77.5,4.67,4W,1,1.868,-
127,1013,19.0932802,72.9138503,7,25,77.5,4.67,4W,1,1.868,-
127,1018,19.0614304,72.8314,7,25,77.5,4.67,4W,1,1.868,-
127,989,19.1669492,72.9658836,7,25,77.5,4.67,4W,1,1.868,-
127,972,19.1284866,72.9273668,7,25,77.5,4.67,4W,1,1.868,-
127,1084,18.9574452,72.8215554,7,25,77.5,4.67,4W,1,1.868,-
127,1037,18.988438,72.8384708,7,25,77.5,4.67,4W,1,1.868,-
127,1010,19.14568941,72.94194059,7,25,77.5,4.67,4W,1,1.868,-
127,953,19.1244553,72.8544998,7,25,77.5,4.67,4W,1,1.868,-
127,1019,19.0396674,72.8458147,7,25,77.5,4.67,4W,1,1.868,-
127,915,19.1627653,72.9433114,7,25,77.5,4.67,4W,1,1.868,-
127,1043,19.0202606,72.8514267,7,25,77.5,4.67,4W,1,1.868,-
127,987,19.1123048,72.8864992,7,25,77.5,4.67,4W,1,1.868,-
127,941,19.0288393,72.8448552,7,25,77.5,4.67,4W,1,1.868,-
127,1070,19.1729673,72.9336362,7,25,77.5,4.67,4W,1,1.868,-
127,964,19.0162307,72.8380671,7,25,77.5,4.67,4W,1,1.868,-
127,909,18.9788098,72.8293996,7,25,77.5,4.67,4W,1,1.868,-
127,925,19.1690443,72.9684354,7,25,77.5,4.67,4W,1,1.868,-
127,1004,19.1582706,72.9331377,7,25,77.5,4.67,4W,1,1.868,-
127,1046,19.1836777,72.9511392,7,25,77.5,4.67,4W,1,1.868,-
127,1036,19.0932519,72.9220638,7,25,77.5,4.67,4W,1,1.868,-
127,950,18.9842089,72.8200753,7,25,77.5,4.67,4W,1,1.868,-
128,1192,18.9489322,72.8251684,7,25,73.57,4.54,4W,1,1.816,-
128,1118,19.1072367,72.8966967,7,25,73.57,4.54,4W,1,1.816,-
128,1264,19.1746831,72.9504836,7,25,73.57,4.54,4W,1,1.816,-
128,1158,19.117329,72.887311,7,25,73.57,4.54,4W,1,1.816,-
128,1094,19.1679571,72.9469459,7,25,73.57,4.54,4W,1,1.816,-
128,1186,19.149773,72.948952,7,25,73.57,4.54,4W,1,1.816,-
128,1138,19.1103619,72.927543,7,25,73.57,4.54,4W,1,1.816,-
128,1089,19.0965263,72.9078749,7,25,73.57,4.54,4W,1,1.816,-
128,1153,19.1136998,72.9077089,7,25,73.57,4.54,4W,1,1.816,-
128,1217,19.029888,72.8398841,7,25,73.57,4.54,4W,1,1.816,-
128,1097,19.1291435,72.8584712,7,25,73.57,4.54,4W,1,1.816,-
128,1147,19.0150236,72.8453283,7,25,73.57,4.54,4W,1,1.816,-
128,1174,18.9593718,72.8386932,7,25,73.57,4.54,4W,1,1.816,-
128,1137,19.1084922,72.8974339,7,25,73.57,4.54,4W,1,1.816,-
128,1122,19.0515721,72.8346314,7,25,73.57,4.54,4W,1,1.816,-
128,1150,19.0610128,72.8351068,7,25,73.57,4.54,4W,1,1.816,-
128,1242,18.938749,72.8245275,7,25,73.57,4.54,4W,1,1.816,-
128,1223,19.1284866,72.9273668,7,25,73.57,4.54,4W,1,1.816,-
128,1226,19.1091314,72.8622276,7,25,73.57,4.54,4W,1,1.816,-
128,1161,19.1731156,72.964511,7,25,73.57,4.54,4W,1,1.816,-
128,1182,19.0720024,72.8229417,7,25,73.57,4.54,4W,1,1.816,-
128,1112,19.0912131,72.8838092,7,25,73.57,4.54,4W,1,1.816,-
128,1144,19.174547,72.968537,7,25,73.57,4.54,4W,1,1.816,-
128,1238,18.9545952,72.8332679,7,25,73.57,4.54,4W,1,1.816,-
128,1107,18.9939891,72.8347693,7,25,73.57,4.54,4W,1,1.816,-
129,82,19.0045997,72.8493739,9,25,77.03,4.65,4W,1,1.86,-
129,67,19.0620149,72.8285843,9,25,77.03,4.65,4W,1,1.86,-
129,30,19.1077173,72.8989454,9,25,77.03,4.65,4W,1,1.86,-
129,32,19.0188616,72.84804,9,25,77.03,4.65,4W,1,1.86,-
129,5,19.1754336,72.9583276,9,25,77.03,4.65,4W,1,1.86,-
129,10,19.0183641,72.8412504,9,25,77.03,4.65,4W,1,1.86,-
129,36,18.95971,72.8331558,9,25,77.03,4.65,4W,1,1.86,-
129,66,19.0695673,72.8317691,9,25,77.03,4.65,4W,1,1.86,-
129,79,19.1408578,72.9333223,9,25,77.03,4.65,4W,1,1.86,-
129,22,19.1340229,72.9299724,9,25,77.03,4.65,4W,1,1.86,-
129,26,19.1827834,72.9489826,9,25,77.03,4.65,4W,1,1.86,-
129,15,19.1121104,72.8983546,9,25,77.03,4.65,4W,1,1.86,-
129,81,19.0454553,72.8206446,9,25,77.03,4.65,4W,1,1.86,-
129,45,18.9109604,72.8066572,9,25,77.03,4.65,4W,1,1.86,-
129,42,19.1465941,72.9360397,9,25,77.03,4.65,4W,1,1.86,-
129,60,19.0605737,72.8504402,9,25,77.03,4.65,4W,1,1.86,-
129,59,18.9921457,72.846563,9,25,77.03,4.65,4W,1,1.86,-
129,33,19.1623738,72.9471062,9,25,77.03,4.65,4W,1,1.86,-
129,12,19.110167,72.921258,9,25,77.03,4.65,4W,1,1.86,-
129,14,19.1736694,72.9346624,9,25,77.03,4.65,4W,1,1.86,-
129,78,19.1663651,72.9448417,9,25,77.03,4.65,4W,1,1.86,-
129,77,19.1784492,72.9559267,9,25,77.03,4.65,4W,1,1.86,-
129,55,19.1827834,72.9489826,9,25,77.03,4.65,4W,1,1.86,-
129,18,18.972766,72.8258711,9,25,77.03,4.65,4W,1,1.86,-
129,76,19.1028809,72.8936234,9,25,77.03,4.65,4W,1,1.86,-
130,117,19.0940628,72.8437777,9,25,78.15,4.69,4W,1,1.876,-
130,167,19.0392767,72.8445072,9,25,78.15,4.69,4W,1,1.876,-
130,133,19.156782,72.9508234,9,25,78.15,4.69,4W,1,1.876,-
130,146,19.085376,72.893246,9,25,78.15,4.69,4W,1,1.876,-
130,95,19.1599486,72.9308636,9,25,78.15,4.69,4W,1,1.876,-
130,142,19.0989452,72.8925055,9,25,78.15,4.69,4W,1,1.876,-
130,164,18.954569,72.8186682,9,25,78.15,4.69,4W,1,1.876,-
130,155,19.1650386,72.9432983,9,25,78.15,4.69,4W,1,1.876,-
130,129,19.0482325,72.8262301,9,25,78.15,4.69,4W,1,1.876,-
130,172,18.9553223,72.8166054,9,25,78.15,4.69,4W,1,1.876,-
130,166,18.9560111,72.8306261,9,25,78.15,4.69,4W,1,1.876,-
130,130,19.124745,72.8495632,9,25,78.15,4.69,4W,1,1.876,-
130,94,19.1041262,72.858425,9,25,78.15,4.69,4W,1,1.876,-
130,113,18.9623882,72.8178817,9,25,78.15,4.69,4W,1,1.876,-
130,121,19.1298648,72.9384207,9,25,78.15,4.69,4W,1,1.876,-
130,141,19.1533663,72.942504,9,25,78.15,4.69,4W,1,1.876,-
130,89,18.955161,72.8255776,9,25,78.15,4.69,4W,1,1.876,-
130,165,19.0125405,72.8292536,9,25,78.15,4.69,4W,1,1.876,-
130,150,19.1420145,72.9303693,9,25,78.15,4.69,4W,1,1.876,-
130,132,19.144954,72.9376594,9,25,78.15,4.69,4W,1,1.876,-
130,92,19.1069872,72.9025969,9,25,78.15,4.69,4W,1,1.876,-
130,135,19.1604057,72.9445323,9,25,78.15,4.69,4W,1,1.876,-
130,98,19.1810629,72.9477507,9,25,78.15,4.69,4W,1,1.876,-
130,103,19.1661467,72.9392489,9,25,78.15,4.69,4W,1,1.876,-
130,144,19.0464282,72.8413406,9,25,78.15,4.69,4W,1,1.876,-
131,209,19.0806663,72.8924155,9,25,75.29,4.59,4W,1,1.836,-
131,240,19.0719625,72.8347505,9,25,75.29,4.59,4W,1,1.836,-
131,174,19.1834749,72.9380977,9,25,75.29,4.59,4W,1,1.836,-
131,211,19.0792694,72.8529787,9,25,75.29,4.59,4W,1,1.836,-
131,189,19.0859585,72.8947295,9,25,75.29,4.59,4W,1,1.836,-
131,218,19.1059471,72.8992222,9,25,75.29,4.59,4W,1,1.836,-
131,216,19.1374256,72.8679812,9,25,75.29,4.59,4W,1,1.836,-
131,214,19.1003381,72.9108229,9,25,75.29,4.59,4W,1,1.836,-
131,202,19.1084521,72.8892082,9,25,75.29,4.59,4W,1,1.836,-
131,182,19.1866106,72.9458271,9,25,75.29,4.59,4W,1,1.836,-
131,234,19.0773261,72.8671465,9,25,75.29,4.59,4W,1,1.836,-
131,193,18.9694991,72.8251494,9,25,75.29,4.59,4W,1,1.836,-
131,229,18.9699653,72.8036137,9,25,75.29,4.59,4W,1,1.836,-
131,200,18.9751127,72.8251711,9,25,75.29,4.59,4W,1,1.836,-
131,248,19.0988126,72.9181878,9,25,75.29,4.59,4W,1,1.836,-
131,243,19.1415426,72.9393435,9,25,75.29,4.59,4W,1,1.836,-
131,244,19.095975,72.848637,9,25,75.29,4.59,4W,1,1.836,-
131,238,19.1360651,72.9300465,9,25,75.29,4.59,4W,1,1.836,-
131,231,18.9768172,72.8341798,9,25,75.29,4.59,4W,1,1.836,-
131,205,19.1298029,72.9353985,9,25,75.29,4.59,4W,1,1.836,-
131,191,19.0299251,72.8376315,9,25,75.29,4.59,4W,1,1.836,-
131,208,19.0559517,72.8282792,9,25,75.29,4.59,4W,1,1.836,-
131,175,18.9625483,72.8154283,9,25,75.29,4.59,4W,1,1.836,-
131,178,19.1637145,72.9475455,9,25,75.29,4.59,4W,1,1.836,-
131,222,18.9543648,72.8235799,9,25,75.29,4.59,4W,1,1.836,-
132,283,19.1256893,72.9199622,9,25,74.61,4.57,4W,1,1.828,-
132,250,19.0134196,72.8307076,9,25,74.61,4.57,4W,1,1.828,-
132,281,18.9764428,72.8407112,9,25,74.61,4.57,4W,1,1.828,-
132,252,19.0035857,72.8296905,9,25,74.61,4.57,4W,1,1.828,-
132,311,19.1696676,72.9619926,9,25,74.61,4.57,4W,1,1.828,-
132,305,19.1080173,72.9285956,9,25,74.61,4.57,4W,1,1.828,-
132,336,19.1005739,72.8906619,9,25,74.61,4.57,4W,1,1.828,-
132,267,19.0745995,72.8630713,9,25,74.61,4.57,4W,1,1.828,-
132,277,19.0043331,72.8236682,9,25,74.61,4.57,4W,1,1.828,-
132,317,18.998477,72.84309,9,25,74.61,4.57,4W,1,1.828,-
132,289,19.1366448,72.9320748,9,25,74.61,4.57,4W,1,1.828,-
132,310,19.0819411,72.8503395,9,25,74.61,4.57,4W,1,1.828,-
132,344,19.0908063,72.9076669,9,25,74.61,4.57,4W,1,1.828,-
132,306,19.0733238,72.8622097,9,25,74.61,4.57,4W,1,1.828,-
132,257,19.1808453,72.9469255,9,25,74.61,4.57,4W,1,1.828,-
132,256,19.1122668,72.9332486,9,25,74.61,4.57,4W,1,1.828,-
132,300,19.1298489,72.9384899,9,25,74.61,4.57,4W,1,1.828,-
132,330,19.1323238,72.9347526,9,25,74.61,4.57,4W,1,1.828,-
132,254,18.991866,72.846596,9,25,74.61,4.57,4W,1,1.828,-
132,273,19.1660922,72.935255,9,25,74.61,4.57,4W,1,1.828,-
132,290,18.9950685,72.8392932,9,25,74.61,4.57,4W,1,1.828,-
132,332,19.1584893,72.9473908,9,25,74.61,4.57,4W,1,1.828,-
132,315,19.1163523,72.9134638,9,25,74.61,4.57,4W,1,1.828,-
132,328,19.0964137,72.8491605,9,25,74.61,4.57,4W,1,1.828,-
132,249,19.0600437,72.8366508,9,25,74.61,4.57,4W,1,1.828,-
133,350,19.1296111,72.9333539,9,25,71.47,4.47,4W,1,1.788,-
133,407,19.1826625,72.9543591,9,25,71.47,4.47,4W,1,1.788,-
133,372,19.0733529,72.8622789,9,25,71.47,4.47,4W,1,1.788,-
133,353,19.1035113,72.8893661,9,25,71.47,4.47,4W,1,1.788,-
133,413,19.1435013,72.9307938,9,25,71.47,4.47,4W,1,1.788,-
133,360,19.0616539,72.8306911,9,25,71.47,4.47,4W,1,1.788,-
133,362,19.1717392,72.9621354,9,25,71.47,4.47,4W,1,1.788,-
133,405,19.0064016,72.8246486,9,25,71.47,4.47,4W,1,1.788,-
133,356,18.9847203,72.8372542,9,25,71.47,4.47,4W,1,1.788,-
133,397,19.0929272,72.8653768,9,25,71.47,4.47,4W,1,1.788,-
133,375,18.9912356,72.8342292,9,25,71.47,4.47,4W,1,1.788,-
133,414,19.1630907,72.9337357,9,25,71.47,4.47,4W,1,1.788,-
133,409,18.9912356,72.8342292,9,25,71.47,4.47,4W,1,1.788,-
133,349,19.1309143,72.9360494,9,25,71.47,4.47,4W,1,1.788,-
133,402,19.162058,72.9492955,9,25,71.47,4.47,4W,1,1.788,-
133,404,19.1757812,72.9476441,9,25,71.47,4.47,4W,1,1.788,-
133,352,18.9601928,72.8232296,9,25,71.47,4.47,4W,1,1.788,-
133,363,18.948274,72.7948228,9,25,71.47,4.47,4W,1,1.788,-
133,389,19.1597282,72.9443825,9,25,71.47,4.47,4W,1,1.788,-
133,396,19.1077153,72.8986952,9,25,71.47,4.47,4W,1,1.788,-
133,354,18.997107,72.8259521,9,25,71.47,4.47,4W,1,1.788,-
133,369,19.0643986,72.8439321,9,25,71.47,4.47,4W,1,1.788,-
133,355,19.0432576,72.8426463,9,25,71.47,4.47,4W,1,1.788,-
133,365,19.0598,72.8386,9,25,71.47,4.47,4W,1,1.788,-
133,388,19.1045341,72.8451631,9,25,71.47,4.47,4W,1,1.788,-
134,422,19.081463,72.8507884,9,25,73.02,4.52,4W,1,1.808,-
134,449,19.0097951,72.8348389,9,25,73.02,4.52,4W,1,1.808,-
134,469,19.1347564,72.9050828,9,25,73.02,4.52,4W,1,1.808,-
134,423,19.0135897,72.8424627,9,25,73.02,4.52,4W,1,1.808,-
134,431,19.1037851,72.9273209,9,25,73.02,4.52,4W,1,1.808,-
134,438,19.1236584,72.9210948,9,25,73.02,4.52,4W,1,1.808,-
134,479,18.9793792,72.8209248,9,25,73.02,4.52,4W,1,1.808,-
134,452,19.0230725,72.8418088,9,25,73.02,4.52,4W,1,1.808,-
134,451,19.1683209,72.968359,9,25,73.02,4.52,4W,1,1.808,-
134,418,19.1046967,72.8512828,9,25,73.02,4.52,4W,1,1.808,-
134,432,19.1356283,72.8993271,9,25,73.02,4.52,4W,1,1.808,-
134,429,19.0694164,72.8294613,9,25,73.02,4.52,4W,1,1.808,-
134,427,19.0231102,72.8369976,9,25,73.02,4.52,4W,1,1.808,-
134,466,19.0045618,72.8454389,9,25,73.02,4.52,4W,1,1.808,-
134,465,19.178868,72.9584198,9,25,73.02,4.52,4W,1,1.808,-
134,474,19.0593368,72.8238067,9,25,73.02,4.52,4W,1,1.808,-
134,439,19.0656287,72.8633289,9,25,73.02,4.52,4W,1,1.808,-
134,435,19.0317118,72.8387162,9,25,73.02,4.52,4W,1,1.808,-
134,477,19.1360651,72.9300465,9,25,73.02,4.52,4W,1,1.808,-
134,458,19.1232581,72.8934382,9,25,73.02,4.52,4W,1,1.808,-
134,415,19.119979,72.893853,9,25,73.02,4.52,4W,1,1.808,-
134,454,19.1726376,72.9415351,9,25,73.02,4.52,4W,1,1.808,-
134,441,19.0725631,72.8443548,9,25,73.02,4.52,4W,1,1.808,-
134,426,19.0031932,72.8192367,9,25,73.02,4.52,4W,1,1.808,-
134,450,19.0932519,72.9220638,9,25,73.02,4.52,4W,1,1.808,-
135,554,19.1128735,72.8994046,9,25,81.77,4.81,4W,1,1.924,-
135,514,19.1193765,72.8940055,9,25,81.77,4.81,4W,1,1.924,-
135,494,19.1431863,72.9253881,9,25,81.77,4.81,4W,1,1.924,-
135,524,18.9909106,72.8368595,9,25,81.77,4.81,4W,1,1.924,-
135,518,19.0732029,72.8323491,9,25,81.77,4.81,4W,1,1.924,-
135,558,19.1682428,72.9484037,9,25,81.77,4.81,4W,1,1.924,-
135,536,19.0942769,72.8480502,9,25,81.77,4.81,4W,1,1.924,-
135,512,19.1174825,72.8497631,9,25,81.77,4.81,4W,1,1.924,-
135,488,19.1046967,72.8512828,9,25,81.77,4.81,4W,1,1.924,-
135,487,18.9995058,72.8382777,9,25,81.77,4.81,4W,1,1.924,-
135,486,18.9964554,72.8172978,9,25,81.77,4.81,4W,1,1.924,-
135,539,18.9654597,72.8399394,9,25,81.77,4.81,4W,1,1.924,-
135,559,18.9972515,72.8201991,9,25,81.77,4.81,4W,1,1.924,-
135,540,19.1530382,72.9423738,9,25,81.77,4.81,4W,1,1.924,-
135,568,19.098026,72.8847773,9,25,81.77,4.81,4W,1,1.924,-
135,497,19.1121325,72.9345219,9,25,81.77,4.81,4W,1,1.924,-
135,483,19.0464156,72.8401389,9,25,81.77,4.81,4W,1,1.924,-
135,502,18.9340553,72.8251844,9,25,81.77,4.81,4W,1,1.924,-
135,548,19.1084211,72.9227196,9,25,81.77,4.81,4W,1,1.924,-
135,485,18.9526887,72.8213137,9,25,81.77,4.81,4W,1,1.924,-
135,532,19.0775581,72.8498632,9,25,81.77,4.81,4W,1,1.924,-
135,504,19.0594362,72.8640495,9,25,81.77,4.81,4W,1,1.924,-
135,509,19.0743589,72.8633193,9,25,81.77,4.81,4W,1,1.924,-
135,482,19.014602,72.8287458,9,25,81.77,4.81,4W,1,1.924,-
135,541,19.0181355,72.8257713,9,25,81.77,4.81,4W,1,1.924,-
136,606,19.0019869,72.8315616,9,25,77.21,4.66,4W,1,1.864,-
136,632,19.1137967,72.9039149,9,25,77.21,4.66,4W,1,1.864,-
136,609,19.1486321,72.9378273,9,25,77.21,4.66,4W,1,1.864,-
136,643,19.1583425,72.9374767,9,25,77.21,4.66,4W,1,1.864,-
136,654,19.060463,72.832554,9,25,77.21,4.66,4W,1,1.864,-
136,600,19.0660434,72.8331524,9,25,77.21,4.66,4W,1,1.864,-
136,588,19.14568941,72.94194059,9,25,77.21,4.66,4W,1,1.864,-
136,658,19.1712381,72.9323828,9,25,77.21,4.66,4W,1,1.864,-
136,610,19.1702851,72.9366443,9,25,77.21,4.66,4W,1,1.864,-
136,673,18.994614,72.8227235,9,25,77.21,4.66,4W,1,1.864,-
136,642,19.1289496,72.930686,9,25,77.21,4.66,4W,1,1.864,-
136,595,19.0716145,72.8363212,9,25,77.21,4.66,4W,1,1.864,-
136,659,19.113855,72.9386029,9,25,77.21,4.66,4W,1,1.864,-
136,663,19.1183255,72.9022482,9,25,77.21,4.66,4W,1,1.864,-
136,608,19.1156661,72.9016387,9,25,77.21,4.66,4W,1,1.864,-
136,593,19.0784464,72.8566557,9,25,77.21,4.66,4W,1,1.864,-
136,611,19.1604057,72.9445323,9,25,77.21,4.66,4W,1,1.864,-
136,631,19.0957084,72.8479741,9,25,77.21,4.66,4W,1,1.864,-
136,587,19.005184,72.825239,9,25,77.21,4.66,4W,1,1.864,-
136,624,19.1253636,72.8529831,9,25,77.21,4.66,4W,1,1.864,-
136,661,19.1530277,72.9436135,9,25,77.21,4.66,4W,1,1.864,-
136,575,19.0703112,72.8370298,9,25,77.21,4.66,4W,1,1.864,-
136,650,19.0154987,72.8237836,9,25,77.21,4.66,4W,1,1.864,-
136,605,18.9879091,72.8386872,9,25,77.21,4.66,4W,1,1.864,-
136,669,19.0984015,72.8878393,9,25,77.21,4.66,4W,1,1.864,-
137,727,18.95265,72.8035,9,25,75.55,4.6,4W,1,1.84,-
137,709,19.18464,72.9514685,9,25,75.55,4.6,4W,1,1.84,-
137,731,19.1340229,72.9299724,9,25,75.55,4.6,4W,1,1.84,-
137,745,19.1187255,72.9120798,9,25,75.55,4.6,4W,1,1.84,-
137,733,19.0962523,72.8489824,9,25,75.55,4.6,4W,1,1.84,-
137,725,19.1699328,72.9361866,9,25,75.55,4.6,4W,1,1.84,-
137,685,19.1210596,72.8980351,9,25,75.55,4.6,4W,1,1.84,-
137,737,18.9915086,72.8353218,9,25,75.55,4.6,4W,1,1.84,-
137,735,19.1171335,72.9128232,9,25,75.55,4.6,4W,1,1.84,-
137,723,19.1284957,72.8645942,9,25,75.55,4.6,4W,1,1.84,-
137,736,18.9550752,72.8064495,9,25,75.55,4.6,4W,1,1.84,-
137,711,19.1687962,72.9628185,9,25,75.55,4.6,4W,1,1.84,-
137,679,19.1269052,72.8489853,9,25,75.55,4.6,4W,1,1.84,-
137,714,19.1003801,72.8861217,9,25,75.55,4.6,4W,1,1.84,-
137,715,19.1190762,72.9173111,9,25,75.55,4.6,4W,1,1.84,-
137,691,19.0295431,72.84451,9,25,75.55,4.6,4W,1,1.84,-
137,682,19.1343671,72.9370751,9,25,75.55,4.6,4W,1,1.84,-
137,694,19.1839638,72.9380479,9,25,75.55,4.6,4W,1,1.84,-
137,726,19.0799512,72.8694442,9,25,75.55,4.6,4W,1,1.84,-
137,677,19.1232581,72.8934382,9,25,75.55,4.6,4W,1,1.84,-
137,696,19.1497939,72.9491063,9,25,75.55,4.6,4W,1,1.84,-
137,728,19.096712,72.917498,9,25,75.55,4.6,4W,1,1.84,-
137,734,19.1174334,72.9044094,9,25,75.55,4.6,4W,1,1.84,-
137,700,19.102729,72.852028,9,25,75.55,4.6,4W,1,1.84,-
137,740,19.1366448,72.9320748,9,25,75.55,4.6,4W,1,1.84,-
138,815,19.1013148,72.9115554,9,25,82.5,4.83,4W,1,1.932,-
138,797,19.1156661,72.9016387,9,25,82.5,4.83,4W,1,1.932,-
138,752,19.075043,72.8363622,9,25,82.5,4.83,4W,1,1.932,-
138,828,18.9725889,72.8141564,9,25,82.5,4.83,4W,1,1.932,-
138,782,19.0702599,72.8310077,9,25,82.5,4.83,4W,1,1.932,-
138,767,19.0188616,72.84804,9,25,82.5,4.83,4W,1,1.932,-
138,755,18.9649722,72.846263,9,25,82.5,4.83,4W,1,1.932,-
138,748,19.1498808,72.9311645,9,25,82.5,4.83,4W,1,1.932,-
138,803,19.0025613,72.8488332,9,25,82.5,4.83,4W,1,1.932,-
138,768,18.9811034,72.8304999,9,25,82.5,4.83,4W,1,1.932,-
138,798,19.1825918,72.9434498,9,25,82.5,4.83,4W,1,1.932,-
138,761,19.1000654,72.8477974,9,25,82.5,4.83,4W,1,1.932,-
138,827,19.0654338,72.8449014,9,25,82.5,4.83,4W,1,1.932,-
138,773,18.9659114,72.8168131,9,25,82.5,4.83,4W,1,1.932,-
138,786,19.0180039,72.8374638,9,25,82.5,4.83,4W,1,1.932,-
138,821,19.1109006,72.8976467,9,25,82.5,4.83,4W,1,1.932,-
138,809,18.9879091,72.8386872,9,25,82.5,4.83,4W,1,1.932,-
138,770,18.9505451,72.7962466,9,25,82.5,4.83,4W,1,1.932,-
138,800,19.1572713,72.936562,9,25,82.5,4.83,4W,1,1.932,-
138,796,18.9939891,72.8451779,9,25,82.5,4.83,4W,1,1.932,-
138,808,19.157754,72.9508908,9,25,82.5,4.83,4W,1,1.932,-
138,763,19.0208425,72.8311203,9,25,82.5,4.83,4W,1,1.932,-
138,823,19.1796166,72.9587363,9,25,82.5,4.83,4W,1,1.932,-
138,785,19.1484509,72.9338295,9,25,82.5,4.83,4W,1,1.932,-
138,801,19.0041303,72.8470246,9,25,82.5,4.83,4W,1,1.932,-
139,888,18.9639415,72.8158044,9,25,85.47,4.93,4W,1,1.972,-
139,899,19.1172873,72.889785,9,25,85.47,4.93,4W,1,1.972,-
139,838,18.9655191,72.8165899,9,25,85.47,4.93,4W,1,1.972,-
139,876,19.119777,72.9087013,9,25,85.47,4.93,4W,1,1.972,-
139,845,18.9696277,72.8446014,9,25,85.47,4.93,4W,1,1.972,-
139,872,19.0043331,72.8236682,9,25,85.47,4.93,4W,1,1.972,-
139,878,19.1026658,72.8864615,9,25,85.47,4.93,4W,1,1.972,-
139,848,18.9751127,72.8251711,9,25,85.47,4.93,4W,1,1.972,-
139,864,19.121882,72.8658134,9,25,85.47,4.93,4W,1,1.972,-
139,880,18.9467598,72.8246674,9,25,85.47,4.93,4W,1,1.972,-
139,879,18.9682369,72.8159971,9,25,85.47,4.93,4W,1,1.972,-
139,891,19.1214855,72.9185569,9,25,85.47,4.93,4W,1,1.972,-
139,834,19.1779811,72.9589748,9,25,85.47,4.93,4W,1,1.972,-
139,835,19.1156661,72.9016387,9,25,85.47,4.93,4W,1,1.972,-
139,874,19.0084994,72.8222021,9,25,85.47,4.93,4W,1,1.972,-
139,829,19.1574598,72.9385468,9,25,85.47,4.93,4W,1,1.972,-
139,854,19.1737737,72.9614959,9,25,85.47,4.93,4W,1,1.972,-
139,893,19.0194161,72.840631,9,25,85.47,4.93,4W,1,1.972,-
139,870,19.0397183,72.8410838,9,25,85.47,4.93,4W,1,1.972,-
139,866,19.1497939,72.9491063,9,25,85.47,4.93,4W,1,1.972,-
139,863,18.9909339,72.8374293,9,25,85.47,4.93,4W,1,1.972,-
139,873,19.1219281,72.9293752,9,25,85.47,4.93,4W,1,1.972,-
139,836,19.1060089,72.899926,9,25,85.47,4.93,4W,1,1.972,-
139,894,19.0976212,72.8528403,9,25,85.47,4.93,4W,1,1.972,-
139,844,19.1661463,72.9557699,9,25,85.47,4.93,4W,1,1.972,-
140,933,19.0574544,72.833645,9,25,71.41,4.46,4W,1,1.784,-
140,946,19.0999776,72.9142089,9,25,71.41,4.46,4W,1,1.784,-
140,924,19.1007434,72.8477873,9,25,71.41,4.46,4W,1,1.784,-
140,951,19.1470121,72.9333087,9,25,71.41,4.46,4W,1,1.784,-
140,944,19.003268,72.813478,9,25,71.41,4.46,4W,1,1.784,-
140,926,19.1221808,72.8688814,9,25,71.41,4.46,4W,1,1.784,-
140,979,19.0025613,72.8488332,9,25,71.41,4.46,4W,1,1.784,-
140,948,19.1474883,72.9346442,9,25,71.41,4.46,4W,1,1.784,-
140,921,19.1486423,72.9395972,9,25,71.41,4.46,4W,1,1.784,-
140,934,19.0794078,72.8529388,9,25,71.41,4.46,4W,1,1.784,-
140,911,19.0595448,72.8337542,9,25,71.41,4.46,4W,1,1.784,-
140,966,19.1422902,72.9276008,9,25,71.41,4.46,4W,1,1.784,-
140,971,19.1799645,72.941376,9,25,71.41,4.46,4W,1,1.784,-
140,928,19.0912154,72.9097392,9,25,71.41,4.46,4W,1,1.784,-
140,943,19.0978392,72.9089415,9,25,71.41,4.46,4W,1,1.784,-
140,945,19.1225913,72.8596359,9,25,71.41,4.46,4W,1,1.784,-
140,910,19.183137,72.954244,9,25,71.41,4.46,4W,1,1.784,-
140,940,18.9951538,72.8423166,9,25,71.41,4.46,4W,1,1.784,-
140,981,19.0633392,72.8569461,9,25,71.41,4.46,4W,1,1.784,-
140,994,19.0962184,72.9124746,9,25,71.41,4.46,4W,1,1.784,-
140,908,19.1078833,72.9335299,9,25,71.41,4.46,4W,1,1.784,-
140,900,19.1247975,72.8930445,9,25,71.41,4.46,4W,1,1.784,-
140,996,18.9568662,72.8049626,9,25,71.41,4.46,4W,1,1.784,-
140,949,18.974832,72.813271,9,25,71.41,4.46,4W,1,1.784,-
140,904,18.9839617,72.8367054,9,25,71.41,4.46,4W,1,1.784,-
141,1023,19.1801978,72.9482712,9,25,80.68,4.77,4W,1,1.908,-
141,1038,18.9593331,72.8012521,9,25,80.68,4.77,4W,1,1.908,-
141,1085,19.1088874,72.8628194,9,25,80.68,4.77,4W,1,1.908,-
141,1068,19.1507387,72.9373134,9,25,80.68,4.77,4W,1,1.908,-
141,998,19.173146,72.9660462,9,25,80.68,4.77,4W,1,1.908,-
141,1056,19.1171156,72.9011071,9,25,80.68,4.77,4W,1,1.908,-
141,1047,18.9455577,72.8345389,9,25,80.68,4.77,4W,1,1.908,-
141,1071,19.0688144,72.8277712,9,25,80.68,4.77,4W,1,1.908,-
141,1053,19.1053711,72.86706,9,25,80.68,4.77,4W,1,1.908,-
141,1017,19.1486423,72.9395972,9,25,80.68,4.77,4W,1,1.908,-
141,1041,19.0687265,72.8347004,9,25,80.68,4.77,4W,1,1.908,-
141,1009,19.0815955,72.8475075,9,25,80.68,4.77,4W,1,1.908,-
141,1033,18.9674479,72.8239546,9,25,80.68,4.77,4W,1,1.908,-
141,1008,18.9668993,72.8243054,9,25,80.68,4.77,4W,1,1.908,-
141,1029,19.1241002,72.8705634,9,25,80.68,4.77,4W,1,1.908,-
141,997,19.1808453,72.9469255,9,25,80.68,4.77,4W,1,1.908,-
141,1034,19.0764259,72.8289777,9,25,80.68,4.77,4W,1,1.908,-
141,1078,18.9748668,72.8259385,9,25,80.68,4.77,4W,1,1.908,-
141,1081,19.0523616,72.821639,9,25,80.68,4.77,4W,1,1.908,-
141,1069,19.1678219,72.9476404,9,25,80.68,4.77,4W,1,1.908,-
141,1067,19.1655295,72.9537154,9,25,80.68,4.77,4W,1,1.908,-
141,1074,19.1191038,72.894722,9,25,80.68,4.77,4W,1,1.908,-
141,1064,18.9933334,72.8311923,9,25,80.68,4.77,4W,1,1.908,-
141,1079,19.0753764,72.83134,9,25,80.68,4.77,4W,1,1.908,-
141,1002,19.1107252,72.932238,9,25,80.68,4.77,4W,1,1.908,-
142,1167,19.0834329,72.8529672,9,25,72.04,4.48,4W,1,1.792,-
142,1126,19.1381274,72.8691991,9,25,72.04,4.48,4W,1,1.792,-
142,1121,19.0576875,72.8505251,9,25,72.04,4.48,4W,1,1.792,-
142,1143,19.0166469,72.8506,9,25,72.04,4.48,4W,1,1.792,-
142,1103,19.1166102,72.8895219,9,25,72.04,4.48,4W,1,1.792,-
142,1127,19.1177599,72.9133889,9,25,72.04,4.48,4W,1,1.792,-
142,1156,19.0702599,72.8310077,9,25,72.04,4.48,4W,1,1.792,-
142,1140,19.1085335,72.8500248,9,25,72.04,4.48,4W,1,1.792,-
142,1100,18.9364115,72.8364597,9,25,72.04,4.48,4W,1,1.792,-
142,1104,18.9531539,72.8002362,9,25,72.04,4.48,4W,1,1.792,-
142,1109,19.1136998,72.9077089,9,25,72.04,4.48,4W,1,1.792,-
142,1105,19.1741622,72.9646494,9,25,72.04,4.48,4W,1,1.792,-
142,1102,18.9676713,72.8287228,9,25,72.04,4.48,4W,1,1.792,-
142,1092,19.0653737,72.8377162,9,25,72.04,4.48,4W,1,1.792,-
142,1163,19.1095926,72.9263987,9,25,72.04,4.48,4W,1,1.792,-
142,1108,18.9561174,72.8239326,9,25,72.04,4.48,4W,1,1.792,-
142,1132,19.1646902,72.955284,9,25,72.04,4.48,4W,1,1.792,-
142,1139,19.1076133,72.8992184,9,25,72.04,4.48,4W,1,1.792,-
142,1091,19.1004287,72.88607,9,25,72.04,4.48,4W,1,1.792,-
142,1178,19.1116127,72.8564091,9,25,72.04,4.48,4W,1,1.792,-
142,1154,18.9764724,72.8222798,9,25,72.04,4.48,4W,1,1.792,-
142,1098,19.1184887,72.8852139,9,25,72.04,4.48,4W,1,1.792,-
142,1087,19.0353498,72.8470527,9,25,72.04,4.48,4W,1,1.792,-
142,1141,19.1377525,72.9380016,9,25,72.04,4.48,4W,1,1.792,-
142,1175,19.1004287,72.88607,9,25,72.04,4.48,4W,1,1.792,-
143,1258,18.9979654,72.8185442,9,19,64.8,3.74,4W,0.76,1.496,-
143,1262,19.0077068,72.8157283,9,19,64.8,3.74,4W,0.76,1.496,-
143,1203,19.105732,72.8984379,9,19,64.8,3.74,4W,0.76,1.496,-
143,1191,19.0566107,72.8350005,9,19,64.8,3.74,4W,0.76,1.496,-
143,1244,19.0324876,72.8401418,9,19,64.8,3.74,4W,0.76,1.496,-
143,1232,19.1580355,72.93586,9,19,64.8,3.74,4W,0.76,1.496,-
143,1235,19.1503106,72.9413135,9,19,64.8,3.74,4W,0.76,1.496,-
143,1181,19.1711599,72.9434204,9,19,64.8,3.74,4W,0.76,1.496,-
143,1243,19.1604057,72.9445323,9,19,64.8,3.74,4W,0.76,1.496,-
143,1241,19.0032931,72.8500248,9,19,64.8,3.74,4W,0.76,1.496,-
143,1197,19.0234839,72.8443463,9,19,64.8,3.74,4W,0.76,1.496,-
143,1196,19.1642028,72.9619736,9,19,64.8,3.74,4W,0.76,1.496,-
143,1219,19.0145117,72.8258173,9,19,64.8,3.74,4W,0.76,1.496,-
143,1212,19.0307329,72.8442321,9,19,64.8,3.74,4W,0.76,1.496,-
143,1199,19.0589822,72.8497477,9,19,64.8,3.74,4W,0.76,1.496,-
143,1198,19.0633392,72.8569461,9,19,64.8,3.74,4W,0.76,1.496,-
143,1248,19.1069872,72.9025969,9,19,64.8,3.74,4W,0.76,1.496,-
143,1257,19.0195806,72.8505403,9,19,64.8,3.74,4W,0.76,1.496,-
143,1214,19.1687343,72.9494359,9,19,64.8,3.74,4W,0.76,1.496,-
144,446,19.1081041,72.8547336,12,25,35.55,3.27,4W,1,1.308,-
144,120,19.0054412,72.845453,12,25,35.55,3.27,4W,1,1.308,-
144,420,19.1647947,72.9446475,12,25,35.55,3.27,4W,1,1.308,-
144,401,19.1155599,72.9117697,12,25,35.55,3.27,4W,1,1.308,-
144,324,19.167717,72.965917,12,25,35.55,3.27,4W,1,1.308,-
144,411,19.0095363,72.8255146,12,25,35.55,3.27,4W,1,1.308,-
144,292,19.0779144,72.8530134,12,25,35.55,3.27,4W,1,1.308,-
144,406,18.952571,72.8236529,12,25,35.55,3.27,4W,1,1.308,-
144,107,19.1078791,72.9209564,12,25,35.55,3.27,4W,1,1.308,-
144,91,19.1654628,72.9364568,12,25,35.55,3.27,4W,1,1.308,-
144,237,19.0642592,72.8340697,12,25,35.55,3.27,4W,1,1.308,-
144,428,19.1112218,72.9304288,12,25,35.55,3.27,4W,1,1.308,-
144,53,19.1077153,72.8986952,12,25,35.55,3.27,4W,1,1.308,-
144,70,19.1672705,72.9462921,12,25,35.55,3.27,4W,1,1.308,-
144,74,19.0339148,72.8401146,12,25,35.55,3.27,4W,1,1.308,-
144,495,19.1708741,72.9471691,12,25,35.55,3.27,4W,1,1.308,-
144,387,19.0193542,72.8420669,12,25,35.55,3.27,4W,1,1.308,-
144,4,19.1158285,72.9011079,12,25,35.55,3.27,4W,1,1.308,-
144,72,19.1675719,72.959367,12,25,35.55,3.27,4W,1,1.308,-
144,590,19.0279193,72.8434804,12,25,35.55,3.27,4W,1,1.308,-
144,566,19.1070993,72.8981147,12,25,35.55,3.27,4W,1,1.308,-
144,110,18.9915086,72.8353218,12,25,35.55,3.27,4W,1,1.308,-
144,179,19.1114867,72.8962251,12,25,35.55,3.27,4W,1,1.308,-
144,472,19.0534541,72.8235528,12,25,35.55,3.27,4W,1,1.308,-
144,531,18.9733444,72.8319508,12,25,35.55,3.27,4W,1,1.308,-
145,1189,19.0317118,72.8387162,12,25,40.18,3.42,4W,1,1.368,-
145,1016,19.1602177,72.9310315,12,25,40.18,3.42,4W,1,1.368,-
145,644,19.178868,72.9584198,12,25,40.18,3.42,4W,1,1.368,-
145,724,19.0976681,72.9080361,12,25,40.18,3.42,4W,1,1.368,-
145,1012,19.1170725,72.9090594,12,25,40.18,3.42,4W,1,1.368,-
145,1117,18.9497372,72.8377519,12,25,40.18,3.42,4W,1,1.368,-
145,1080,19.1572713,72.936562,12,25,40.18,3.42,4W,1,1.368,-
145,861,18.9530268,72.8222309,12,25,40.18,3.42,4W,1,1.368,-
145,626,18.9964589,72.829006,12,25,40.18,3.42,4W,1,1.368,-
145,850,19.0754457,72.8617196,12,25,40.18,3.42,4W,1,1.368,-
145,884,19.1573179,72.9474897,12,25,40.18,3.42,4W,1,1.368,-
145,841,19.0502394,72.8282111,12,25,40.18,3.42,4W,1,1.368,-
145,1131,19.1725223,72.9616907,12,25,40.18,3.42,4W,1,1.368,-
145,806,19.1202729,72.9379362,12,25,40.18,3.42,4W,1,1.368,-
145,1209,19.0483316,72.824317,12,25,40.18,3.42,4W,1,1.368,-
145,1160,19.0912663,72.8837028,12,25,40.18,3.42,4W,1,1.368,-
145,730,19.0683901,72.8257929,12,25,40.18,3.42,4W,1,1.368,-
145,947,19.109979,72.9222474,12,25,40.18,3.42,4W,1,1.368,-
145,1082,19.1018031,72.8903525,12,25,40.18,3.42,4W,1,1.368,-
145,672,19.1826029,72.9414428,12,25,40.18,3.42,4W,1,1.368,-
145,603,19.1683222,72.9631715,12,25,40.18,3.42,4W,1,1.368,-
145,1229,19.018465,72.8372248,12,25,40.18,3.42,4W,1,1.368,-
145,1202,19.012714,72.8223526,12,25,40.18,3.42,4W,1,1.368,-
145,939,19.105732,72.8984379,12,25,40.18,3.42,4W,1,1.368,-
145,1177,18.9955308,72.8426214,12,25,40.18,3.42,4W,1,1.368,-
146,1237,19.0160422,72.8360608,12,3,29.08,1.22,4W,0.12,0.488,-
146,1246,19.0800511,72.8529285,12,3,29.08,1.22,4W,0.12,0.488,-
146,1256,18.9948834,72.8347528,12,3,29.08,1.22,4W,0.12,0.488,-
